id_data,data_pregao
1,2000-01-03
2,2000-01-04
3,2000-01-05
4,2000-01-06
5,2000-01-07
6,2000-01-10
7,2000-01-11
8,2000-01-12
9,2000-01-13
10,2000-01-14
11,2000-01-17
12,2000-01-18
13,2000-01-19
14,2000-01-20
15,2000-01-21
16,2000-01-24
17,2000-01-26
18,2000-01-27
19,2000-01-28
20,2000-01-31
21,2000-02-01
22,2000-02-02
23,2000-02-03
24,2000-02-04
25,2000-02-07
26,2000-02-08
27,2000-02-09
28,2000-02-10
29,2000-02-11
30,2000-02-14
31,2000-02-15
32,2000-02-16
33,2000-02-17
34,2000-02-18
35,2000-02-21
36,2000-02-22
37,2000-02-23
38,2000-02-24
39,2000-02-25
40,2000-02-28
41,2000-02-29
42,2000-03-01
43,2000-03-02
44,2000-03-03
45,2000-03-08
46,2000-03-09
47,2000-03-10
48,2000-03-13
49,2000-03-14
50,2000-03-15
51,2000-03-16
52,2000-03-17
53,2000-03-20
54,2000-03-21
55,2000-03-22
56,2000-03-23
57,2000-03-24
58,2000-03-27
59,2000-03-28
60,2000-03-29
61,2000-03-30
62,2000-03-31
63,2000-04-03
64,2000-04-04
65,2000-04-05
66,2000-04-06
67,2000-04-07
68,2000-04-10
69,2000-04-11
70,2000-04-12
71,2000-04-13
72,2000-04-14
73,2000-04-17
74,2000-04-18
75,2000-04-19
76,2000-04-20
77,2000-04-24
78,2000-04-25
79,2000-04-26
80,2000-04-27
81,2000-04-28
82,2000-05-02
83,2000-05-03
84,2000-05-04
85,2000-05-05
86,2000-05-08
87,2000-05-09
88,2000-05-10
89,2000-05-11
90,2000-05-12
91,2000-05-15
92,2000-05-16
93,2000-05-17
94,2000-05-18
95,2000-05-19
96,2000-05-22
97,2000-05-23
98,2000-05-24
99,2000-05-25
100,2000-05-26
101,2000-05-29
102,2000-05-30
103,2000-05-31
104,2000-06-01
105,2000-06-02
106,2000-06-05
107,2000-06-06
108,2000-06-07
109,2000-06-08
110,2000-06-09
111,2000-06-12
112,2000-06-13
113,2000-06-14
114,2000-06-15
115,2000-06-16
116,2000-06-19
117,2000-06-20
118,2000-06-21
119,2000-06-23
120,2000-06-26
121,2000-06-27
122,2000-06-28
123,2000-06-29
124,2000-06-30
125,2000-07-03
126,2000-07-04
127,2000-07-05
128,2000-07-06
129,2000-07-07
130,2000-07-10
131,2000-07-11
132,2000-07-12
133,2000-07-13
134,2000-07-14
135,2000-07-17
136,2000-07-18
137,2000-07-19
138,2000-07-20
139,2000-07-21
140,2000-07-24
141,2000-07-25
142,2000-07-26
143,2000-07-27
144,2000-07-28
145,2000-07-31
146,2000-08-01
147,2000-08-02
148,2000-08-03
149,2000-08-04
150,2000-08-07
151,2000-08-08
152,2000-08-09
153,2000-08-10
154,2000-08-11
155,2000-08-14
156,2000-08-15
157,2000-08-16
158,2000-08-17
159,2000-08-18
160,2000-08-21
161,2000-08-22
162,2000-08-23
163,2000-08-24
164,2000-08-25
165,2000-08-28
166,2000-08-29
167,2000-08-30
168,2000-08-31
169,2000-09-01
170,2000-09-04
171,2000-09-05
172,2000-09-06
173,2000-09-08
174,2000-09-11
175,2000-09-12
176,2000-09-13
177,2000-09-14
178,2000-09-15
179,2000-09-18
180,2000-09-19
181,2000-09-20
182,2000-09-21
183,2000-09-22
184,2000-09-25
185,2000-09-26
186,2000-09-27
187,2000-09-28
188,2000-09-29
189,2000-10-02
190,2000-10-03
191,2000-10-04
192,2000-10-05
193,2000-10-06
194,2000-10-09
195,2000-10-10
196,2000-10-11
197,2000-10-13
198,2000-10-16
199,2000-10-17
200,2000-10-18
201,2000-10-19
202,2000-10-20
203,2000-10-23
204,2000-10-24
205,2000-10-25
206,2000-10-26
207,2000-10-27
208,2000-10-30
209,2000-10-31
210,2000-11-01
211,2000-11-03
212,2000-11-06
213,2000-11-07
214,2000-11-08
215,2000-11-09
216,2000-11-10
217,2000-11-13
218,2000-11-14
219,2000-11-16
220,2000-11-17
221,2000-11-20
222,2000-11-21
223,2000-11-22
224,2000-11-23
225,2000-11-24
226,2000-11-27
227,2000-11-28
228,2000-11-29
229,2000-11-30
230,2000-12-01
231,2000-12-04
232,2000-12-05
233,2000-12-06
234,2000-12-07
235,2000-12-08
236,2000-12-11
237,2000-12-12
238,2000-12-13
239,2000-12-14
240,2000-12-15
241,2000-12-18
242,2000-12-19
243,2000-12-20
244,2000-12-21
245,2000-12-22
246,2000-12-26
247,2000-12-27
248,2000-12-28
249,2001-01-02
250,2001-01-03
251,2001-01-04
252,2001-01-05
253,2001-01-08
254,2001-01-09
255,2001-01-10
256,2001-01-11
257,2001-01-12
258,2001-01-15
259,2001-01-16
260,2001-01-17
261,2001-01-18
262,2001-01-19
263,2001-01-22
264,2001-01-23
265,2001-01-24
266,2001-01-26
267,2001-01-29
268,2001-01-30
269,2001-01-31
270,2001-02-01
271,2001-02-02
272,2001-02-05
273,2001-02-06
274,2001-02-07
275,2001-02-08
276,2001-02-09
277,2001-02-12
278,2001-02-13
279,2001-02-14
280,2001-02-15
281,2001-02-16
282,2001-02-19
283,2001-02-20
284,2001-02-21
285,2001-02-22
286,2001-02-23
287,2001-02-28
288,2001-03-01
289,2001-03-02
290,2001-03-05
291,2001-03-06
292,2001-03-07
293,2001-03-08
294,2001-03-09
295,2001-03-12
296,2001-03-13
297,2001-03-14
298,2001-03-15
299,2001-03-16
300,2001-03-19
301,2001-03-20
302,2001-03-21
303,2001-03-22
304,2001-03-23
305,2001-03-26
306,2001-03-27
307,2001-03-28
308,2001-03-29
309,2001-03-30
310,2001-04-02
311,2001-04-03
312,2001-04-04
313,2001-04-05
314,2001-04-06
315,2001-04-09
316,2001-04-10
317,2001-04-11
318,2001-04-12
319,2001-04-16
320,2001-04-17
321,2001-04-18
322,2001-04-19
323,2001-04-20
324,2001-04-23
325,2001-04-24
326,2001-04-25
327,2001-04-26
328,2001-04-27
329,2001-04-30
330,2001-05-02
331,2001-05-03
332,2001-05-04
333,2001-05-07
334,2001-05-08
335,2001-05-09
336,2001-05-10
337,2001-05-11
338,2001-05-14
339,2001-05-15
340,2001-05-16
341,2001-05-17
342,2001-05-18
343,2001-05-21
344,2001-05-22
345,2001-05-23
346,2001-05-24
347,2001-05-25
348,2001-05-28
349,2001-05-29
350,2001-05-30
351,2001-05-31
352,2001-06-01
353,2001-06-04
354,2001-06-05
355,2001-06-06
356,2001-06-07
357,2001-06-08
358,2001-06-11
359,2001-06-12
360,2001-06-13
361,2001-06-15
362,2001-06-18
363,2001-06-19
364,2001-06-20
365,2001-06-21
366,2001-06-22
367,2001-06-25
368,2001-06-26
369,2001-06-27
370,2001-06-28
371,2001-06-29
372,2001-07-02
373,2001-07-03
374,2001-07-04
375,2001-07-05
376,2001-07-06
377,2001-07-10
378,2001-07-11
379,2001-07-12
380,2001-07-13
381,2001-07-16
382,2001-07-17
383,2001-07-18
384,2001-07-19
385,2001-07-20
386,2001-07-23
387,2001-07-24
388,2001-07-25
389,2001-07-26
390,2001-07-27
391,2001-07-30
392,2001-07-31
393,2001-08-01
394,2001-08-02
395,2001-08-03
396,2001-08-06
397,2001-08-07
398,2001-08-08
399,2001-08-09
400,2001-08-10
401,2001-08-13
402,2001-08-14
403,2001-08-15
404,2001-08-16
405,2001-08-17
406,2001-08-20
407,2001-08-21
408,2001-08-22
409,2001-08-23
410,2001-08-24
411,2001-08-27
412,2001-08-28
413,2001-08-29
414,2001-08-30
415,2001-08-31
416,2001-09-03
417,2001-09-04
418,2001-09-05
419,2001-09-06
420,2001-09-10
421,2001-09-11
422,2001-09-12
423,2001-09-13
424,2001-09-14
425,2001-09-17
426,2001-09-18
427,2001-09-19
428,2001-09-20
429,2001-09-21
430,2001-09-24
431,2001-09-25
432,2001-09-26
433,2001-09-27
434,2001-09-28
435,2001-10-01
436,2001-10-02
437,2001-10-03
438,2001-10-04
439,2001-10-05
440,2001-10-08
441,2001-10-09
442,2001-10-10
443,2001-10-11
444,2001-10-15
445,2001-10-16
446,2001-10-17
447,2001-10-18
448,2001-10-19
449,2001-10-22
450,2001-10-23
451,2001-10-24
452,2001-10-25
453,2001-10-26
454,2001-10-29
455,2001-10-30
456,2001-10-31
457,2001-11-01
458,2001-11-05
459,2001-11-06
460,2001-11-07
461,2001-11-08
462,2001-11-09
463,2001-11-12
464,2001-11-13
465,2001-11-14
466,2001-11-16
467,2001-11-19
468,2001-11-20
469,2001-11-21
470,2001-11-22
471,2001-11-23
472,2001-11-26
473,2001-11-27
474,2001-11-28
475,2001-11-29
476,2001-11-30
477,2001-12-03
478,2001-12-04
479,2001-12-05
480,2001-12-06
481,2001-12-07
482,2001-12-10
483,2001-12-11
484,2001-12-12
485,2001-12-13
486,2001-12-14
487,2001-12-17
488,2001-12-18
489,2001-12-19
490,2001-12-20
491,2001-12-21
492,2001-12-26
493,2001-12-27
494,2001-12-28
495,2002-01-02
496,2002-01-03
497,2002-01-04
498,2002-01-07
499,2002-01-08
500,2002-01-09
501,2002-01-10
502,2002-01-11
503,2002-01-14
504,2002-01-15
505,2002-01-16
506,2002-01-17
507,2002-01-18
508,2002-01-21
509,2002-01-22
510,2002-01-23
511,2002-01-24
512,2002-01-28
513,2002-01-29
514,2002-01-30
515,2002-01-31
516,2002-02-01
517,2002-02-04
518,2002-02-05
519,2002-02-06
520,2002-02-07
521,2002-02-08
522,2002-02-13
523,2002-02-14
524,2002-02-15
525,2002-02-18
526,2002-02-19
527,2002-02-20
528,2002-02-21
529,2002-02-22
530,2002-02-25
531,2002-02-26
532,2002-02-27
533,2002-02-28
534,2002-03-01
535,2002-03-04
536,2002-03-05
537,2002-03-06
538,2002-03-07
539,2002-03-08
540,2002-03-11
541,2002-03-12
542,2002-03-13
543,2002-03-14
544,2002-03-15
545,2002-03-18
546,2002-03-19
547,2002-03-20
548,2002-03-21
549,2002-03-22
550,2002-03-25
551,2002-03-26
552,2002-03-27
553,2002-03-28
554,2002-04-01
555,2002-04-02
556,2002-04-03
557,2002-04-04
558,2002-04-05
559,2002-04-08
560,2002-04-09
561,2002-04-10
562,2002-04-11
563,2002-04-12
564,2002-04-15
565,2002-04-16
566,2002-04-17
567,2002-04-18
568,2002-04-19
569,2002-04-22
570,2002-04-23
571,2002-04-24
572,2002-04-25
573,2002-04-26
574,2002-04-29
575,2002-04-30
576,2002-05-02
577,2002-05-03
578,2002-05-06
579,2002-05-07
580,2002-05-08
581,2002-05-09
582,2002-05-10
583,2002-05-13
584,2002-05-14
585,2002-05-15
586,2002-05-16
587,2002-05-17
588,2002-05-20
589,2002-05-21
590,2002-05-22
591,2002-05-23
592,2002-05-24
593,2002-05-27
594,2002-05-28
595,2002-05-29
596,2002-05-31
597,2002-06-03
598,2002-06-04
599,2002-06-05
600,2002-06-06
601,2002-06-07
602,2002-06-10
603,2002-06-11
604,2002-06-12
605,2002-06-13
606,2002-06-14
607,2002-06-17
608,2002-06-18
609,2002-06-19
610,2002-06-20
611,2002-06-21
612,2002-06-24
613,2002-06-25
614,2002-06-26
615,2002-06-27
616,2002-06-28
617,2002-07-01
618,2002-07-02
619,2002-07-03
620,2002-07-04
621,2002-07-05
622,2002-07-08
623,2002-07-10
624,2002-07-11
625,2002-07-12
626,2002-07-15
627,2002-07-16
628,2002-07-17
629,2002-07-18
630,2002-07-19
631,2002-07-22
632,2002-07-23
633,2002-07-24
634,2002-07-25
635,2002-07-26
636,2002-07-29
637,2002-07-30
638,2002-07-31
639,2002-08-01
640,2002-08-02
641,2002-08-05
642,2002-08-06
643,2002-08-07
644,2002-08-08
645,2002-08-09
646,2002-08-12
647,2002-08-13
648,2002-08-14
649,2002-08-15
650,2002-08-16
651,2002-08-19
652,2002-08-20
653,2002-08-21
654,2002-08-22
655,2002-08-23
656,2002-08-26
657,2002-08-27
658,2002-08-28
659,2002-08-29
660,2002-08-30
661,2002-09-02
662,2002-09-03
663,2002-09-04
664,2002-09-05
665,2002-09-06
666,2002-09-09
667,2002-09-10
668,2002-09-11
669,2002-09-12
670,2002-09-13
671,2002-09-16
672,2002-09-17
673,2002-09-18
674,2002-09-19
675,2002-09-20
676,2002-09-23
677,2002-09-24
678,2002-09-25
679,2002-09-26
680,2002-09-27
681,2002-09-30
682,2002-10-01
683,2002-10-02
684,2002-10-03
685,2002-10-04
686,2002-10-07
687,2002-10-08
688,2002-10-09
689,2002-10-10
690,2002-10-11
691,2002-10-14
692,2002-10-15
693,2002-10-16
694,2002-10-17
695,2002-10-18
696,2002-10-21
697,2002-10-22
698,2002-10-23
699,2002-10-24
700,2002-10-25
701,2002-10-28
702,2002-10-29
703,2002-10-30
704,2002-10-31
705,2002-11-01
706,2002-11-04
707,2002-11-05
708,2002-11-06
709,2002-11-07
710,2002-11-08
711,2002-11-11
712,2002-11-12
713,2002-11-13
714,2002-11-14
715,2002-11-18
716,2002-11-19
717,2002-11-20
718,2002-11-21
719,2002-11-22
720,2002-11-25
721,2002-11-26
722,2002-11-27
723,2002-11-28
724,2002-11-29
725,2002-12-02
726,2002-12-03
727,2002-12-04
728,2002-12-05
729,2002-12-06
730,2002-12-09
731,2002-12-10
732,2002-12-11
733,2002-12-12
734,2002-12-13
735,2002-12-16
736,2002-12-17
737,2002-12-18
738,2002-12-19
739,2002-12-20
740,2002-12-23
741,2002-12-26
742,2002-12-27
743,2002-12-30
744,2003-01-02
745,2003-01-03
746,2003-01-06
747,2003-01-07
748,2003-01-08
749,2003-01-09
750,2003-01-10
751,2003-01-13
752,2003-01-14
753,2003-01-15
754,2003-01-16
755,2003-01-17
756,2003-01-20
757,2003-01-21
758,2003-01-22
759,2003-01-23
760,2003-01-24
761,2003-01-27
762,2003-01-28
763,2003-01-29
764,2003-01-30
765,2003-01-31
766,2003-02-03
767,2003-02-04
768,2003-02-05
769,2003-02-06
770,2003-02-07
771,2003-02-10
772,2003-02-11
773,2003-02-12
774,2003-02-13
775,2003-02-14
776,2003-02-17
777,2003-02-18
778,2003-02-19
779,2003-02-20
780,2003-02-21
781,2003-02-24
782,2003-02-25
783,2003-02-26
784,2003-02-27
785,2003-02-28
786,2003-03-05
787,2003-03-06
788,2003-03-07
789,2003-03-10
790,2003-03-11
791,2003-03-12
792,2003-03-13
793,2003-03-14
794,2003-03-17
795,2003-03-18
796,2003-03-19
797,2003-03-20
798,2003-03-21
799,2003-03-24
800,2003-03-25
801,2003-03-26
802,2003-03-27
803,2003-03-28
804,2003-03-31
805,2003-04-01
806,2003-04-02
807,2003-04-03
808,2003-04-04
809,2003-04-07
810,2003-04-08
811,2003-04-09
812,2003-04-10
813,2003-04-11
814,2003-04-14
815,2003-04-15
816,2003-04-16
817,2003-04-17
818,2003-04-22
819,2003-04-23
820,2003-04-24
821,2003-04-25
822,2003-04-28
823,2003-04-29
824,2003-04-30
825,2003-05-02
826,2003-05-05
827,2003-05-06
828,2003-05-07
829,2003-05-08
830,2003-05-09
831,2003-05-12
832,2003-05-13
833,2003-05-14
834,2003-05-15
835,2003-05-16
836,2003-05-19
837,2003-05-20
838,2003-05-21
839,2003-05-22
840,2003-05-23
841,2003-05-26
842,2003-05-27
843,2003-05-28
844,2003-05-29
845,2003-05-30
846,2003-06-02
847,2003-06-03
848,2003-06-04
849,2003-06-05
850,2003-06-06
851,2003-06-09
852,2003-06-10
853,2003-06-11
854,2003-06-12
855,2003-06-13
856,2003-06-16
857,2003-06-17
858,2003-06-18
859,2003-06-20
860,2003-06-23
861,2003-06-24
862,2003-06-25
863,2003-06-26
864,2003-06-27
865,2003-06-30
866,2003-07-01
867,2003-07-02
868,2003-07-03
869,2003-07-04
870,2003-07-07
871,2003-07-08
872,2003-07-10
873,2003-07-11
874,2003-07-14
875,2003-07-15
876,2003-07-16
877,2003-07-17
878,2003-07-18
879,2003-07-21
880,2003-07-22
881,2003-07-23
882,2003-07-24
883,2003-07-25
884,2003-07-28
885,2003-07-29
886,2003-07-30
887,2003-07-31
888,2003-08-01
889,2003-08-04
890,2003-08-05
891,2003-08-06
892,2003-08-07
893,2003-08-08
894,2003-08-11
895,2003-08-12
896,2003-08-13
897,2003-08-14
898,2003-08-15
899,2003-08-18
900,2003-08-19
901,2003-08-20
902,2003-08-21
903,2003-08-22
904,2003-08-25
905,2003-08-26
906,2003-08-27
907,2003-08-28
908,2003-08-29
909,2003-09-01
910,2003-09-02
911,2003-09-03
912,2003-09-04
913,2003-09-05
914,2003-09-08
915,2003-09-09
916,2003-09-10
917,2003-09-11
918,2003-09-12
919,2003-09-15
920,2003-09-16
921,2003-09-17
922,2003-09-18
923,2003-09-19
924,2003-09-22
925,2003-09-23
926,2003-09-24
927,2003-09-25
928,2003-09-26
929,2003-09-29
930,2003-09-30
931,2003-10-01
932,2003-10-02
933,2003-10-03
934,2003-10-06
935,2003-10-07
936,2003-10-08
937,2003-10-09
938,2003-10-10
939,2003-10-13
940,2003-10-14
941,2003-10-15
942,2003-10-16
943,2003-10-17
944,2003-10-20
945,2003-10-21
946,2003-10-22
947,2003-10-23
948,2003-10-24
949,2003-10-27
950,2003-10-28
951,2003-10-29
952,2003-10-30
953,2003-10-31
954,2003-11-03
955,2003-11-04
956,2003-11-05
957,2003-11-06
958,2003-11-07
959,2003-11-10
960,2003-11-11
961,2003-11-12
962,2003-11-13
963,2003-11-14
964,2003-11-17
965,2003-11-18
966,2003-11-19
967,2003-11-20
968,2003-11-21
969,2003-11-24
970,2003-11-25
971,2003-11-26
972,2003-11-27
973,2003-11-28
974,2003-12-01
975,2003-12-02
976,2003-12-03
977,2003-12-04
978,2003-12-05
979,2003-12-08
980,2003-12-09
981,2003-12-10
982,2003-12-11
983,2003-12-12
984,2003-12-15
985,2003-12-16
986,2003-12-17
987,2003-12-18
988,2003-12-19
989,2003-12-22
990,2003-12-23
991,2003-12-26
992,2003-12-29
993,2003-12-30
994,2004-01-02
995,2004-01-05
996,2004-01-06
997,2004-01-07
998,2004-01-08
999,2004-01-09
1000,2004-01-12
1001,2004-01-13
1002,2004-01-14
1003,2004-01-15
1004,2004-01-16
1005,2004-01-19
1006,2004-01-20
1007,2004-01-21
1008,2004-01-22
1009,2004-01-23
1010,2004-01-26
1011,2004-01-27
1012,2004-01-28
1013,2004-01-29
1014,2004-01-30
1015,2004-02-02
1016,2004-02-03
1017,2004-02-04
1018,2004-02-05
1019,2004-02-06
1020,2004-02-09
1021,2004-02-10
1022,2004-02-11
1023,2004-02-12
1024,2004-02-13
1025,2004-02-16
1026,2004-02-17
1027,2004-02-18
1028,2004-02-19
1029,2004-02-20
1030,2004-02-25
1031,2004-02-26
1032,2004-02-27
1033,2004-03-01
1034,2004-03-02
1035,2004-03-03
1036,2004-03-04
1037,2004-03-05
1038,2004-03-08
1039,2004-03-09
1040,2004-03-10
1041,2004-03-11
1042,2004-03-12
1043,2004-03-15
1044,2004-03-16
1045,2004-03-17
1046,2004-03-18
1047,2004-03-19
1048,2004-03-22
1049,2004-03-23
1050,2004-03-24
1051,2004-03-25
1052,2004-03-26
1053,2004-03-29
1054,2004-03-30
1055,2004-03-31
1056,2004-04-01
1057,2004-04-02
1058,2004-04-05
1059,2004-04-06
1060,2004-04-07
1061,2004-04-08
1062,2004-04-12
1063,2004-04-13
1064,2004-04-14
1065,2004-04-15
1066,2004-04-16
1067,2004-04-19
1068,2004-04-20
1069,2004-04-22
1070,2004-04-23
1071,2004-04-26
1072,2004-04-27
1073,2004-04-28
1074,2004-04-29
1075,2004-04-30
1076,2004-05-03
1077,2004-05-04
1078,2004-05-05
1079,2004-05-06
1080,2004-05-07
1081,2004-05-10
1082,2004-05-11
1083,2004-05-12
1084,2004-05-13
1085,2004-05-14
1086,2004-05-17
1087,2004-05-18
1088,2004-05-19
1089,2004-05-20
1090,2004-05-21
1091,2004-05-24
1092,2004-05-25
1093,2004-05-26
1094,2004-05-27
1095,2004-05-28
1096,2004-05-31
1097,2004-06-01
1098,2004-06-02
1099,2004-06-03
1100,2004-06-04
1101,2004-06-07
1102,2004-06-08
1103,2004-06-09
1104,2004-06-11
1105,2004-06-14
1106,2004-06-15
1107,2004-06-16
1108,2004-06-17
1109,2004-06-18
1110,2004-06-21
1111,2004-06-22
1112,2004-06-23
1113,2004-06-24
1114,2004-06-25
1115,2004-06-28
1116,2004-06-29
1117,2004-06-30
1118,2004-07-01
1119,2004-07-02
1120,2004-07-05
1121,2004-07-06
1122,2004-07-07
1123,2004-07-08
1124,2004-07-12
1125,2004-07-13
1126,2004-07-14
1127,2004-07-15
1128,2004-07-16
1129,2004-07-19
1130,2004-07-20
1131,2004-07-21
1132,2004-07-22
1133,2004-07-23
1134,2004-07-26
1135,2004-07-27
1136,2004-07-28
1137,2004-07-29
1138,2004-07-30
1139,2004-08-02
1140,2004-08-03
1141,2004-08-04
1142,2004-08-05
1143,2004-08-06
1144,2004-08-09
1145,2004-08-10
1146,2004-08-11
1147,2004-08-12
1148,2004-08-13
1149,2004-08-16
1150,2004-08-17
1151,2004-08-18
1152,2004-08-19
1153,2004-08-20
1154,2004-08-23
1155,2004-08-24
1156,2004-08-25
1157,2004-08-26
1158,2004-08-27
1159,2004-08-30
1160,2004-08-31
1161,2004-09-01
1162,2004-09-02
1163,2004-09-03
1164,2004-09-06
1165,2004-09-08
1166,2004-09-09
1167,2004-09-10
1168,2004-09-13
1169,2004-09-14
1170,2004-09-15
1171,2004-09-16
1172,2004-09-17
1173,2004-09-20
1174,2004-09-21
1175,2004-09-22
1176,2004-09-23
1177,2004-09-24
1178,2004-09-27
1179,2004-09-28
1180,2004-09-29
1181,2004-09-30
1182,2004-10-01
1183,2004-10-04
1184,2004-10-05
1185,2004-10-06
1186,2004-10-07
1187,2004-10-08
1188,2004-10-11
1189,2004-10-13
1190,2004-10-14
1191,2004-10-15
1192,2004-10-18
1193,2004-10-19
1194,2004-10-20
1195,2004-10-21
1196,2004-10-22
1197,2004-10-25
1198,2004-10-26
1199,2004-10-27
1200,2004-10-28
1201,2004-10-29
1202,2004-11-01
1203,2004-11-03
1204,2004-11-04
1205,2004-11-05
1206,2004-11-08
1207,2004-11-09
1208,2004-11-10
1209,2004-11-11
1210,2004-11-12
1211,2004-11-16
1212,2004-11-17
1213,2004-11-18
1214,2004-11-19
1215,2004-11-22
1216,2004-11-23
1217,2004-11-24
1218,2004-11-25
1219,2004-11-26
1220,2004-11-29
1221,2004-11-30
1222,2004-12-01
1223,2004-12-02
1224,2004-12-03
1225,2004-12-06
1226,2004-12-07
1227,2004-12-08
1228,2004-12-09
1229,2004-12-10
1230,2004-12-13
1231,2004-12-14
1232,2004-12-15
1233,2004-12-16
1234,2004-12-17
1235,2004-12-20
1236,2004-12-21
1237,2004-12-22
1238,2004-12-23
1239,2004-12-27
1240,2004-12-28
1241,2004-12-29
1242,2004-12-30
1243,2005-01-03
1244,2005-01-04
1245,2005-01-05
1246,2005-01-06
1247,2005-01-07
1248,2005-01-10
1249,2005-01-11
1250,2005-01-12
1251,2005-01-13
1252,2005-01-14
1253,2005-01-17
1254,2005-01-18
1255,2005-01-19
1256,2005-01-20
1257,2005-01-21
1258,2005-01-24
1259,2005-01-26
1260,2005-01-27
1261,2005-01-28
1262,2005-01-31
1263,2005-02-01
1264,2005-02-02
1265,2005-02-03
1266,2005-02-04
1267,2005-02-09
1268,2005-02-10
1269,2005-02-11
1270,2005-02-14
1271,2005-02-15
1272,2005-02-16
1273,2005-02-17
1274,2005-02-18
1275,2005-02-21
1276,2005-02-22
1277,2005-02-23
1278,2005-02-24
1279,2005-02-25
1280,2005-02-28
1281,2005-03-01
1282,2005-03-02
1283,2005-03-03
1284,2005-03-04
1285,2005-03-07
1286,2005-03-08
1287,2005-03-09
1288,2005-03-10
1289,2005-03-11
1290,2005-03-14
1291,2005-03-15
1292,2005-03-16
1293,2005-03-17
1294,2005-03-18
1295,2005-03-21
1296,2005-03-22
1297,2005-03-23
1298,2005-03-24
1299,2005-03-28
1300,2005-03-29
1301,2005-03-30
1302,2005-03-31
1303,2005-04-01
1304,2005-04-04
1305,2005-04-05
1306,2005-04-06
1307,2005-04-07
1308,2005-04-08
1309,2005-04-11
1310,2005-04-12
1311,2005-04-13
1312,2005-04-14
1313,2005-04-15
1314,2005-04-18
1315,2005-04-19
1316,2005-04-20
1317,2005-04-22
1318,2005-04-25
1319,2005-04-26
1320,2005-04-27
1321,2005-04-28
1322,2005-04-29
1323,2005-05-02
1324,2005-05-03
1325,2005-05-04
1326,2005-05-05
1327,2005-05-06
1328,2005-05-09
1329,2005-05-10
1330,2005-05-11
1331,2005-05-12
1332,2005-05-13
1333,2005-05-16
1334,2005-05-17
1335,2005-05-18
1336,2005-05-19
1337,2005-05-20
1338,2005-05-23
1339,2005-05-24
1340,2005-05-25
1341,2005-05-27
1342,2005-05-30
1343,2005-05-31
1344,2005-06-01
1345,2005-06-02
1346,2005-06-03
1347,2005-06-06
1348,2005-06-07
1349,2005-06-08
1350,2005-06-09
1351,2005-06-10
1352,2005-06-13
1353,2005-06-14
1354,2005-06-15
1355,2005-06-16
1356,2005-06-17
1357,2005-06-20
1358,2005-06-21
1359,2005-06-22
1360,2005-06-23
1361,2005-06-24
1362,2005-06-27
1363,2005-06-28
1364,2005-06-29
1365,2005-06-30
1366,2005-07-01
1367,2005-07-04
1368,2005-07-05
1369,2005-07-06
1370,2005-07-07
1371,2005-07-08
1372,2005-07-11
1373,2005-07-12
1374,2005-07-13
1375,2005-07-14
1376,2005-07-15
1377,2005-07-18
1378,2005-07-19
1379,2005-07-20
1380,2005-07-21
1381,2005-07-22
1382,2005-07-25
1383,2005-07-26
1384,2005-07-27
1385,2005-07-28
1386,2005-07-29
1387,2005-08-01
1388,2005-08-02
1389,2005-08-03
1390,2005-08-04
1391,2005-08-05
1392,2005-08-08
1393,2005-08-09
1394,2005-08-10
1395,2005-08-11
1396,2005-08-12
1397,2005-08-15
1398,2005-08-16
1399,2005-08-17
1400,2005-08-18
1401,2005-08-19
1402,2005-08-22
1403,2005-08-23
1404,2005-08-24
1405,2005-08-25
1406,2005-08-26
1407,2005-08-29
1408,2005-08-30
1409,2005-08-31
1410,2005-09-01
1411,2005-09-02
1412,2005-09-05
1413,2005-09-06
1414,2005-09-08
1415,2005-09-09
1416,2005-09-12
1417,2005-09-13
1418,2005-09-14
1419,2005-09-15
1420,2005-09-16
1421,2005-09-19
1422,2005-09-20
1423,2005-09-21
1424,2005-09-22
1425,2005-09-23
1426,2005-09-26
1427,2005-09-27
1428,2005-09-28
1429,2005-09-29
1430,2005-09-30
1431,2005-10-03
1432,2005-10-04
1433,2005-10-05
1434,2005-10-06
1435,2005-10-07
1436,2005-10-10
1437,2005-10-11
1438,2005-10-13
1439,2005-10-14
1440,2005-10-17
1441,2005-10-18
1442,2005-10-19
1443,2005-10-20
1444,2005-10-21
1445,2005-10-24
1446,2005-10-25
1447,2005-10-26
1448,2005-10-27
1449,2005-10-28
1450,2005-10-31
1451,2005-11-01
1452,2005-11-03
1453,2005-11-04
1454,2005-11-07
1455,2005-11-08
1456,2005-11-09
1457,2005-11-10
1458,2005-11-11
1459,2005-11-14
1460,2005-11-16
1461,2005-11-17
1462,2005-11-18
1463,2005-11-21
1464,2005-11-22
1465,2005-11-23
1466,2005-11-24
1467,2005-11-25
1468,2005-11-28
1469,2005-11-29
1470,2005-11-30
1471,2005-12-01
1472,2005-12-02
1473,2005-12-05
1474,2005-12-06
1475,2005-12-07
1476,2005-12-08
1477,2005-12-09
1478,2005-12-12
1479,2005-12-13
1480,2005-12-14
1481,2005-12-15
1482,2005-12-16
1483,2005-12-19
1484,2005-12-20
1485,2005-12-21
1486,2005-12-22
1487,2005-12-23
1488,2005-12-26
1489,2005-12-27
1490,2005-12-28
1491,2005-12-29
1492,2006-01-02
1493,2006-01-03
1494,2006-01-04
1495,2006-01-05
1496,2006-01-06
1497,2006-01-09
1498,2006-01-10
1499,2006-01-11
1500,2006-01-12
1501,2006-01-13
1502,2006-01-16
1503,2006-01-17
1504,2006-01-18
1505,2006-01-19
1506,2006-01-20
1507,2006-01-23
1508,2006-01-24
1509,2006-01-26
1510,2006-01-27
1511,2006-01-30
1512,2006-01-31
1513,2006-02-01
1514,2006-02-02
1515,2006-02-03
1516,2006-02-06
1517,2006-02-07
1518,2006-02-08
1519,2006-02-09
1520,2006-02-10
1521,2006-02-13
1522,2006-02-14
1523,2006-02-15
1524,2006-02-16
1525,2006-02-17
1526,2006-02-20
1527,2006-02-21
1528,2006-02-22
1529,2006-02-23
1530,2006-02-24
1531,2006-03-01
1532,2006-03-02
1533,2006-03-03
1534,2006-03-06
1535,2006-03-07
1536,2006-03-08
1537,2006-03-09
1538,2006-03-10
1539,2006-03-13
1540,2006-03-14
1541,2006-03-15
1542,2006-03-16
1543,2006-03-17
1544,2006-03-20
1545,2006-03-21
1546,2006-03-22
1547,2006-03-23
1548,2006-03-24
1549,2006-03-27
1550,2006-03-28
1551,2006-03-29
1552,2006-03-30
1553,2006-03-31
1554,2006-04-03
1555,2006-04-04
1556,2006-04-05
1557,2006-04-06
1558,2006-04-07
1559,2006-04-10
1560,2006-04-11
1561,2006-04-12
1562,2006-04-13
1563,2006-04-17
1564,2006-04-18
1565,2006-04-19
1566,2006-04-20
1567,2006-04-24
1568,2006-04-25
1569,2006-04-26
1570,2006-04-27
1571,2006-04-28
1572,2006-05-02
1573,2006-05-03
1574,2006-05-04
1575,2006-05-05
1576,2006-05-08
1577,2006-05-09
1578,2006-05-10
1579,2006-05-11
1580,2006-05-12
1581,2006-05-15
1582,2006-05-16
1583,2006-05-17
1584,2006-05-18
1585,2006-05-19
1586,2006-05-22
1587,2006-05-23
1588,2006-05-24
1589,2006-05-25
1590,2006-05-26
1591,2006-05-29
1592,2006-05-30
1593,2006-05-31
1594,2006-06-01
1595,2006-06-02
1596,2006-06-05
1597,2006-06-06
1598,2006-06-07
1599,2006-06-08
1600,2006-06-09
1601,2006-06-12
1602,2006-06-13
1603,2006-06-14
1604,2006-06-16
1605,2006-06-19
1606,2006-06-20
1607,2006-06-21
1608,2006-06-22
1609,2006-06-23
1610,2006-06-26
1611,2006-06-27
1612,2006-06-28
1613,2006-06-29
1614,2006-06-30
1615,2006-07-03
1616,2006-07-04
1617,2006-07-05
1618,2006-07-06
1619,2006-07-07
1620,2006-07-10
1621,2006-07-11
1622,2006-07-12
1623,2006-07-13
1624,2006-07-14
1625,2006-07-17
1626,2006-07-18
1627,2006-07-19
1628,2006-07-20
1629,2006-07-21
1630,2006-07-24
1631,2006-07-25
1632,2006-07-26
1633,2006-07-27
1634,2006-07-28
1635,2006-07-31
1636,2006-08-01
1637,2006-08-02
1638,2006-08-03
1639,2006-08-04
1640,2006-08-07
1641,2006-08-08
1642,2006-08-09
1643,2006-08-10
1644,2006-08-11
1645,2006-08-14
1646,2006-08-15
1647,2006-08-16
1648,2006-08-17
1649,2006-08-18
1650,2006-08-21
1651,2006-08-22
1652,2006-08-23
1653,2006-08-24
1654,2006-08-25
1655,2006-08-28
1656,2006-08-29
1657,2006-08-30
1658,2006-08-31
1659,2006-09-01
1660,2006-09-04
1661,2006-09-05
1662,2006-09-06
1663,2006-09-08
1664,2006-09-11
1665,2006-09-12
1666,2006-09-13
1667,2006-09-14
1668,2006-09-15
1669,2006-09-18
1670,2006-09-19
1671,2006-09-20
1672,2006-09-21
1673,2006-09-22
1674,2006-09-25
1675,2006-09-26
1676,2006-09-27
1677,2006-09-28
1678,2006-09-29
1679,2006-10-02
1680,2006-10-03
1681,2006-10-04
1682,2006-10-05
1683,2006-10-06
1684,2006-10-09
1685,2006-10-10
1686,2006-10-11
1687,2006-10-13
1688,2006-10-16
1689,2006-10-17
1690,2006-10-18
1691,2006-10-19
1692,2006-10-20
1693,2006-10-23
1694,2006-10-24
1695,2006-10-25
1696,2006-10-26
1697,2006-10-27
1698,2006-10-30
1699,2006-10-31
1700,2006-11-01
1701,2006-11-03
1702,2006-11-06
1703,2006-11-07
1704,2006-11-08
1705,2006-11-09
1706,2006-11-10
1707,2006-11-13
1708,2006-11-14
1709,2006-11-16
1710,2006-11-17
1711,2006-11-21
1712,2006-11-22
1713,2006-11-23
1714,2006-11-24
1715,2006-11-27
1716,2006-11-28
1717,2006-11-29
1718,2006-11-30
1719,2006-12-01
1720,2006-12-04
1721,2006-12-05
1722,2006-12-06
1723,2006-12-07
1724,2006-12-08
1725,2006-12-11
1726,2006-12-12
1727,2006-12-13
1728,2006-12-14
1729,2006-12-15
1730,2006-12-18
1731,2006-12-19
1732,2006-12-20
1733,2006-12-21
1734,2006-12-22
1735,2006-12-26
1736,2006-12-27
1737,2006-12-28
1738,2007-01-02
1739,2007-01-03
1740,2007-01-04
1741,2007-01-05
1742,2007-01-08
1743,2007-01-09
1744,2007-01-10
1745,2007-01-11
1746,2007-01-12
1747,2007-01-15
1748,2007-01-16
1749,2007-01-17
1750,2007-01-18
1751,2007-01-19
1752,2007-01-22
1753,2007-01-23
1754,2007-01-24
1755,2007-01-26
1756,2007-01-29
1757,2007-01-30
1758,2007-01-31
1759,2007-02-01
1760,2007-02-02
1761,2007-02-05
1762,2007-02-06
1763,2007-02-07
1764,2007-02-08
1765,2007-02-09
1766,2007-02-12
1767,2007-02-13
1768,2007-02-14
1769,2007-02-15
1770,2007-02-16
1771,2007-02-21
1772,2007-02-22
1773,2007-02-23
1774,2007-02-26
1775,2007-02-27
1776,2007-02-28
1777,2007-03-01
1778,2007-03-02
1779,2007-03-05
1780,2007-03-06
1781,2007-03-07
1782,2007-03-08
1783,2007-03-09
1784,2007-03-12
1785,2007-03-13
1786,2007-03-14
1787,2007-03-15
1788,2007-03-16
1789,2007-03-19
1790,2007-03-20
1791,2007-03-21
1792,2007-03-22
1793,2007-03-23
1794,2007-03-26
1795,2007-03-27
1796,2007-03-28
1797,2007-03-29
1798,2007-03-30
1799,2007-04-02
1800,2007-04-03
1801,2007-04-04
1802,2007-04-05
1803,2007-04-09
1804,2007-04-10
1805,2007-04-11
1806,2007-04-12
1807,2007-04-13
1808,2007-04-16
1809,2007-04-17
1810,2007-04-18
1811,2007-04-19
1812,2007-04-20
1813,2007-04-23
1814,2007-04-24
1815,2007-04-25
1816,2007-04-26
1817,2007-04-27
1818,2007-04-30
1819,2007-05-02
1820,2007-05-03
1821,2007-05-04
1822,2007-05-07
1823,2007-05-08
1824,2007-05-09
1825,2007-05-10
1826,2007-05-11
1827,2007-05-14
1828,2007-05-15
1829,2007-05-16
1830,2007-05-17
1831,2007-05-18
1832,2007-05-21
1833,2007-05-22
1834,2007-05-23
1835,2007-05-24
1836,2007-05-25
1837,2007-05-28
1838,2007-05-29
1839,2007-05-30
1840,2007-05-31
1841,2007-06-01
1842,2007-06-04
1843,2007-06-05
1844,2007-06-06
1845,2007-06-08
1846,2007-06-11
1847,2007-06-12
1848,2007-06-13
1849,2007-06-14
1850,2007-06-15
1851,2007-06-18
1852,2007-06-19
1853,2007-06-20
1854,2007-06-21
1855,2007-06-22
1856,2007-06-25
1857,2007-06-26
1858,2007-06-27
1859,2007-06-28
1860,2007-06-29
1861,2007-07-02
1862,2007-07-03
1863,2007-07-04
1864,2007-07-05
1865,2007-07-06
1866,2007-07-10
1867,2007-07-11
1868,2007-07-12
1869,2007-07-13
1870,2007-07-16
1871,2007-07-17
1872,2007-07-18
1873,2007-07-19
1874,2007-07-20
1875,2007-07-23
1876,2007-07-24
1877,2007-07-25
1878,2007-07-26
1879,2007-07-27
1880,2007-07-30
1881,2007-07-31
1882,2007-08-01
1883,2007-08-02
1884,2007-08-03
1885,2007-08-06
1886,2007-08-07
1887,2007-08-08
1888,2007-08-09
1889,2007-08-10
1890,2007-08-13
1891,2007-08-14
1892,2007-08-15
1893,2007-08-16
1894,2007-08-17
1895,2007-08-20
1896,2007-08-21
1897,2007-08-22
1898,2007-08-23
1899,2007-08-24
1900,2007-08-27
1901,2007-08-28
1902,2007-08-29
1903,2007-08-30
1904,2007-08-31
1905,2007-09-03
1906,2007-09-04
1907,2007-09-05
1908,2007-09-06
1909,2007-09-10
1910,2007-09-11
1911,2007-09-12
1912,2007-09-13
1913,2007-09-14
1914,2007-09-17
1915,2007-09-18
1916,2007-09-19
1917,2007-09-20
1918,2007-09-21
1919,2007-09-24
1920,2007-09-25
1921,2007-09-26
1922,2007-09-27
1923,2007-09-28
1924,2007-10-01
1925,2007-10-02
1926,2007-10-03
1927,2007-10-04
1928,2007-10-05
1929,2007-10-08
1930,2007-10-09
1931,2007-10-10
1932,2007-10-11
1933,2007-10-15
1934,2007-10-16
1935,2007-10-17
1936,2007-10-18
1937,2007-10-19
1938,2007-10-22
1939,2007-10-23
1940,2007-10-24
1941,2007-10-25
1942,2007-10-26
1943,2007-10-29
1944,2007-10-30
1945,2007-10-31
1946,2007-11-01
1947,2007-11-05
1948,2007-11-06
1949,2007-11-07
1950,2007-11-08
1951,2007-11-09
1952,2007-11-12
1953,2007-11-13
1954,2007-11-14
1955,2007-11-16
1956,2007-11-19
1957,2007-11-21
1958,2007-11-22
1959,2007-11-23
1960,2007-11-26
1961,2007-11-27
1962,2007-11-28
1963,2007-11-29
1964,2007-11-30
1965,2007-12-03
1966,2007-12-04
1967,2007-12-05
1968,2007-12-06
1969,2007-12-07
1970,2007-12-10
1971,2007-12-11
1972,2007-12-12
1973,2007-12-13
1974,2007-12-14
1975,2007-12-17
1976,2007-12-18
1977,2007-12-19
1978,2007-12-20
1979,2007-12-21
1980,2007-12-26
1981,2007-12-27
1982,2007-12-28
1983,2008-01-02
1984,2008-01-03
1985,2008-01-04
1986,2008-01-07
1987,2008-01-08
1988,2008-01-09
1989,2008-01-10
1990,2008-01-11
1991,2008-01-14
1992,2008-01-15
1993,2008-01-16
1994,2008-01-17
1995,2008-01-18
1996,2008-01-21
1997,2008-01-22
1998,2008-01-23
1999,2008-01-24
2000,2008-01-28
2001,2008-01-29
2002,2008-01-30
2003,2008-01-31
2004,2008-02-01
2005,2008-02-06
2006,2008-02-07
2007,2008-02-08
2008,2008-02-11
2009,2008-02-12
2010,2008-02-13
2011,2008-02-14
2012,2008-02-15
2013,2008-02-18
2014,2008-02-19
2015,2008-02-20
2016,2008-02-21
2017,2008-02-22
2018,2008-02-25
2019,2008-02-26
2020,2008-02-27
2021,2008-02-28
2022,2008-02-29
2023,2008-03-03
2024,2008-03-04
2025,2008-03-05
2026,2008-03-06
2027,2008-03-07
2028,2008-03-10
2029,2008-03-11
2030,2008-03-12
2031,2008-03-13
2032,2008-03-14
2033,2008-03-17
2034,2008-03-18
2035,2008-03-19
2036,2008-03-20
2037,2008-03-24
2038,2008-03-25
2039,2008-03-26
2040,2008-03-27
2041,2008-03-28
2042,2008-03-31
2043,2008-04-01
2044,2008-04-02
2045,2008-04-03
2046,2008-04-04
2047,2008-04-07
2048,2008-04-08
2049,2008-04-09
2050,2008-04-10
2051,2008-04-11
2052,2008-04-14
2053,2008-04-15
2054,2008-04-16
2055,2008-04-17
2056,2008-04-18
2057,2008-04-22
2058,2008-04-23
2059,2008-04-24
2060,2008-04-25
2061,2008-04-28
2062,2008-04-29
2063,2008-04-30
2064,2008-05-02
2065,2008-05-05
2066,2008-05-06
2067,2008-05-07
2068,2008-05-08
2069,2008-05-09
2070,2008-05-12
2071,2008-05-13
2072,2008-05-14
2073,2008-05-15
2074,2008-05-16
2075,2008-05-19
2076,2008-05-20
2077,2008-05-21
2078,2008-05-23
2079,2008-05-26
2080,2008-05-27
2081,2008-05-28
2082,2008-05-29
2083,2008-05-30
2084,2008-06-02
2085,2008-06-03
2086,2008-06-04
2087,2008-06-05
2088,2008-06-06
2089,2008-06-09
2090,2008-06-10
2091,2008-06-11
2092,2008-06-12
2093,2008-06-13
2094,2008-06-16
2095,2008-06-17
2096,2008-06-18
2097,2008-06-19
2098,2008-06-20
2099,2008-06-23
2100,2008-06-24
2101,2008-06-25
2102,2008-06-26
2103,2008-06-27
2104,2008-06-30
2105,2008-07-01
2106,2008-07-02
2107,2008-07-03
2108,2008-07-04
2109,2008-07-07
2110,2008-07-08
2111,2008-07-10
2112,2008-07-11
2113,2008-07-14
2114,2008-07-15
2115,2008-07-16
2116,2008-07-17
2117,2008-07-18
2118,2008-07-21
2119,2008-07-22
2120,2008-07-23
2121,2008-07-24
2122,2008-07-25
2123,2008-07-28
2124,2008-07-29
2125,2008-07-30
2126,2008-07-31
2127,2008-08-01
2128,2008-08-04
2129,2008-08-05
2130,2008-08-06
2131,2008-08-07
2132,2008-08-08
2133,2008-08-11
2134,2008-08-12
2135,2008-08-13
2136,2008-08-14
2137,2008-08-15
2138,2008-08-18
2139,2008-08-19
2140,2008-08-20
2141,2008-08-21
2142,2008-08-22
2143,2008-08-25
2144,2008-08-26
2145,2008-08-27
2146,2008-08-28
2147,2008-08-29
2148,2008-09-01
2149,2008-09-02
2150,2008-09-03
2151,2008-09-04
2152,2008-09-05
2153,2008-09-08
2154,2008-09-09
2155,2008-09-10
2156,2008-09-11
2157,2008-09-12
2158,2008-09-15
2159,2008-09-16
2160,2008-09-17
2161,2008-09-18
2162,2008-09-19
2163,2008-09-22
2164,2008-09-23
2165,2008-09-24
2166,2008-09-25
2167,2008-09-26
2168,2008-09-29
2169,2008-09-30
2170,2008-10-01
2171,2008-10-02
2172,2008-10-03
2173,2008-10-06
2174,2008-10-07
2175,2008-10-08
2176,2008-10-09
2177,2008-10-10
2178,2008-10-13
2179,2008-10-14
2180,2008-10-15
2181,2008-10-16
2182,2008-10-17
2183,2008-10-20
2184,2008-10-21
2185,2008-10-22
2186,2008-10-23
2187,2008-10-24
2188,2008-10-27
2189,2008-10-28
2190,2008-10-29
2191,2008-10-30
2192,2008-10-31
2193,2008-11-03
2194,2008-11-04
2195,2008-11-05
2196,2008-11-06
2197,2008-11-07
2198,2008-11-10
2199,2008-11-11
2200,2008-11-12
2201,2008-11-13
2202,2008-11-14
2203,2008-11-17
2204,2008-11-18
2205,2008-11-19
2206,2008-11-21
2207,2008-11-24
2208,2008-11-25
2209,2008-11-26
2210,2008-11-27
2211,2008-11-28
2212,2008-12-01
2213,2008-12-02
2214,2008-12-03
2215,2008-12-04
2216,2008-12-05
2217,2008-12-08
2218,2008-12-09
2219,2008-12-10
2220,2008-12-11
2221,2008-12-12
2222,2008-12-15
2223,2008-12-16
2224,2008-12-17
2225,2008-12-18
2226,2008-12-19
2227,2008-12-22
2228,2008-12-23
2229,2008-12-26
2230,2008-12-29
2231,2008-12-30
2232,2009-01-02
2233,2009-01-05
2234,2009-01-06
2235,2009-01-07
2236,2009-01-08
2237,2009-01-09
2238,2009-01-12
2239,2009-01-13
2240,2009-01-14
2241,2009-01-15
2242,2009-01-16
2243,2009-01-19
2244,2009-01-20
2245,2009-01-21
2246,2009-01-22
2247,2009-01-23
2248,2009-01-26
2249,2009-01-27
2250,2009-01-28
2251,2009-01-29
2252,2009-01-30
2253,2009-02-02
2254,2009-02-03
2255,2009-02-04
2256,2009-02-05
2257,2009-02-06
2258,2009-02-09
2259,2009-02-10
2260,2009-02-11
2261,2009-02-12
2262,2009-02-13
2263,2009-02-16
2264,2009-02-17
2265,2009-02-18
2266,2009-02-19
2267,2009-02-20
2268,2009-02-25
2269,2009-02-26
2270,2009-02-27
2271,2009-03-02
2272,2009-03-03
2273,2009-03-04
2274,2009-03-05
2275,2009-03-06
2276,2009-03-09
2277,2009-03-10
2278,2009-03-11
2279,2009-03-12
2280,2009-03-13
2281,2009-03-16
2282,2009-03-17
2283,2009-03-18
2284,2009-03-19
2285,2009-03-20
2286,2009-03-23
2287,2009-03-24
2288,2009-03-25
2289,2009-03-26
2290,2009-03-27
2291,2009-03-30
2292,2009-03-31
2293,2009-04-01
2294,2009-04-02
2295,2009-04-03
2296,2009-04-06
2297,2009-04-07
2298,2009-04-08
2299,2009-04-09
2300,2009-04-13
2301,2009-04-14
2302,2009-04-15
2303,2009-04-16
2304,2009-04-17
2305,2009-04-20
2306,2009-04-22
2307,2009-04-23
2308,2009-04-24
2309,2009-04-27
2310,2009-04-28
2311,2009-04-29
2312,2009-04-30
2313,2009-05-04
2314,2009-05-05
2315,2009-05-06
2316,2009-05-07
2317,2009-05-08
2318,2009-05-11
2319,2009-05-12
2320,2009-05-13
2321,2009-05-14
2322,2009-05-15
2323,2009-05-18
2324,2009-05-19
2325,2009-05-20
2326,2009-05-21
2327,2009-05-22
2328,2009-05-25
2329,2009-05-26
2330,2009-05-27
2331,2009-05-28
2332,2009-05-29
2333,2009-06-01
2334,2009-06-02
2335,2009-06-03
2336,2009-06-04
2337,2009-06-05
2338,2009-06-08
2339,2009-06-09
2340,2009-06-10
2341,2009-06-12
2342,2009-06-15
2343,2009-06-16
2344,2009-06-17
2345,2009-06-18
2346,2009-06-19
2347,2009-06-22
2348,2009-06-23
2349,2009-06-24
2350,2009-06-25
2351,2009-06-26
2352,2009-06-29
2353,2009-06-30
2354,2009-07-01
2355,2009-07-02
2356,2009-07-03
2357,2009-07-06
2358,2009-07-07
2359,2009-07-08
2360,2009-07-10
2361,2009-07-13
2362,2009-07-14
2363,2009-07-15
2364,2009-07-16
2365,2009-07-17
2366,2009-07-20
2367,2009-07-21
2368,2009-07-22
2369,2009-07-23
2370,2009-07-24
2371,2009-07-27
2372,2009-07-28
2373,2009-07-29
2374,2009-07-30
2375,2009-07-31
2376,2009-08-03
2377,2009-08-04
2378,2009-08-05
2379,2009-08-06
2380,2009-08-07
2381,2009-08-10
2382,2009-08-11
2383,2009-08-12
2384,2009-08-13
2385,2009-08-14
2386,2009-08-17
2387,2009-08-18
2388,2009-08-19
2389,2009-08-20
2390,2009-08-21
2391,2009-08-24
2392,2009-08-25
2393,2009-08-26
2394,2009-08-27
2395,2009-08-28
2396,2009-08-31
2397,2009-09-01
2398,2009-09-02
2399,2009-09-03
2400,2009-09-04
2401,2009-09-08
2402,2009-09-09
2403,2009-09-10
2404,2009-09-11
2405,2009-09-14
2406,2009-09-15
2407,2009-09-16
2408,2009-09-17
2409,2009-09-18
2410,2009-09-21
2411,2009-09-22
2412,2009-09-23
2413,2009-09-24
2414,2009-09-25
2415,2009-09-28
2416,2009-09-29
2417,2009-09-30
2418,2009-10-01
2419,2009-10-02
2420,2009-10-05
2421,2009-10-06
2422,2009-10-07
2423,2009-10-08
2424,2009-10-09
2425,2009-10-13
2426,2009-10-14
2427,2009-10-15
2428,2009-10-16
2429,2009-10-19
2430,2009-10-20
2431,2009-10-21
2432,2009-10-22
2433,2009-10-23
2434,2009-10-26
2435,2009-10-27
2436,2009-10-28
2437,2009-10-29
2438,2009-10-30
2439,2009-11-03
2440,2009-11-04
2441,2009-11-05
2442,2009-11-06
2443,2009-11-09
2444,2009-11-10
2445,2009-11-11
2446,2009-11-12
2447,2009-11-13
2448,2009-11-16
2449,2009-11-17
2450,2009-11-18
2451,2009-11-19
2452,2009-11-23
2453,2009-11-24
2454,2009-11-25
2455,2009-11-26
2456,2009-11-27
2457,2009-11-30
2458,2009-12-01
2459,2009-12-02
2460,2009-12-03
2461,2009-12-04
2462,2009-12-07
2463,2009-12-08
2464,2009-12-09
2465,2009-12-10
2466,2009-12-11
2467,2009-12-14
2468,2009-12-15
2469,2009-12-16
2470,2009-12-17
2471,2009-12-18
2472,2009-12-21
2473,2009-12-22
2474,2009-12-23
2475,2009-12-28
2476,2009-12-29
2477,2009-12-30
2478,2010-01-04
2479,2010-01-05
2480,2010-01-06
2481,2010-01-07
2482,2010-01-08
2483,2010-01-11
2484,2010-01-12
2485,2010-01-13
2486,2010-01-14
2487,2010-01-15
2488,2010-01-18
2489,2010-01-19
2490,2010-01-20
2491,2010-01-21
2492,2010-01-22
2493,2010-01-26
2494,2010-01-27
2495,2010-01-28
2496,2010-01-29
2497,2010-02-01
2498,2010-02-02
2499,2010-02-03
2500,2010-02-04
2501,2010-02-05
2502,2010-02-08
2503,2010-02-09
2504,2010-02-10
2505,2010-02-11
2506,2010-02-12
2507,2010-02-17
2508,2010-02-18
2509,2010-02-19
2510,2010-02-22
2511,2010-02-23
2512,2010-02-24
2513,2010-02-25
2514,2010-02-26
2515,2010-03-01
2516,2010-03-02
2517,2010-03-03
2518,2010-03-04
2519,2010-03-05
2520,2010-03-08
2521,2010-03-09
2522,2010-03-10
2523,2010-03-11
2524,2010-03-12
2525,2010-03-15
2526,2010-03-16
2527,2010-03-17
2528,2010-03-18
2529,2010-03-19
2530,2010-03-22
2531,2010-03-23
2532,2010-03-24
2533,2010-03-25
2534,2010-03-26
2535,2010-03-29
2536,2010-03-30
2537,2010-03-31
2538,2010-04-01
2539,2010-04-05
2540,2010-04-06
2541,2010-04-07
2542,2010-04-08
2543,2010-04-09
2544,2010-04-12
2545,2010-04-13
2546,2010-04-14
2547,2010-04-15
2548,2010-04-16
2549,2010-04-19
2550,2010-04-20
2551,2010-04-22
2552,2010-04-23
2553,2010-04-26
2554,2010-04-27
2555,2010-04-28
2556,2010-04-29
2557,2010-04-30
2558,2010-05-03
2559,2010-05-04
2560,2010-05-05
2561,2010-05-06
2562,2010-05-07
2563,2010-05-10
2564,2010-05-11
2565,2010-05-12
2566,2010-05-13
2567,2010-05-14
2568,2010-05-17
2569,2010-05-18
2570,2010-05-19
2571,2010-05-20
2572,2010-05-21
2573,2010-05-24
2574,2010-05-25
2575,2010-05-26
2576,2010-05-27
2577,2010-05-28
2578,2010-05-31
2579,2010-06-01
2580,2010-06-02
2581,2010-06-04
2582,2010-06-07
2583,2010-06-08
2584,2010-06-09
2585,2010-06-10
2586,2010-06-11
2587,2010-06-14
2588,2010-06-15
2589,2010-06-16
2590,2010-06-17
2591,2010-06-18
2592,2010-06-21
2593,2010-06-22
2594,2010-06-23
2595,2010-06-24
2596,2010-06-25
2597,2010-06-28
2598,2010-06-29
2599,2010-06-30
2600,2010-07-01
2601,2010-07-02
2602,2010-07-05
2603,2010-07-06
2604,2010-07-07
2605,2010-07-08
2606,2010-07-12
2607,2010-07-13
2608,2010-07-14
2609,2010-07-15
2610,2010-07-16
2611,2010-07-19
2612,2010-07-20
2613,2010-07-21
2614,2010-07-22
2615,2010-07-23
2616,2010-07-26
2617,2010-07-27
2618,2010-07-28
2619,2010-07-29
2620,2010-07-30
2621,2010-08-02
2622,2010-08-03
2623,2010-08-04
2624,2010-08-05
2625,2010-08-06
2626,2010-08-09
2627,2010-08-10
2628,2010-08-11
2629,2010-08-12
2630,2010-08-13
2631,2010-08-16
2632,2010-08-17
2633,2010-08-18
2634,2010-08-19
2635,2010-08-20
2636,2010-08-23
2637,2010-08-24
2638,2010-08-25
2639,2010-08-26
2640,2010-08-27
2641,2010-08-30
2642,2010-08-31
2643,2010-09-01
2644,2010-09-02
2645,2010-09-03
2646,2010-09-06
2647,2010-09-08
2648,2010-09-09
2649,2010-09-10
2650,2010-09-13
2651,2010-09-14
2652,2010-09-15
2653,2010-09-16
2654,2010-09-17
2655,2010-09-20
2656,2010-09-21
2657,2010-09-22
2658,2010-09-23
2659,2010-09-24
2660,2010-09-27
2661,2010-09-28
2662,2010-09-29
2663,2010-09-30
2664,2010-10-01
2665,2010-10-04
2666,2010-10-05
2667,2010-10-06
2668,2010-10-07
2669,2010-10-08
2670,2010-10-11
2671,2010-10-13
2672,2010-10-14
2673,2010-10-15
2674,2010-10-18
2675,2010-10-19
2676,2010-10-20
2677,2010-10-21
2678,2010-10-22
2679,2010-10-25
2680,2010-10-26
2681,2010-10-27
2682,2010-10-28
2683,2010-10-29
2684,2010-11-01
2685,2010-11-03
2686,2010-11-04
2687,2010-11-05
2688,2010-11-08
2689,2010-11-09
2690,2010-11-10
2691,2010-11-11
2692,2010-11-12
2693,2010-11-16
2694,2010-11-17
2695,2010-11-18
2696,2010-11-19
2697,2010-11-22
2698,2010-11-23
2699,2010-11-24
2700,2010-11-25
2701,2010-11-26
2702,2010-11-29
2703,2010-11-30
2704,2010-12-01
2705,2010-12-02
2706,2010-12-03
2707,2010-12-06
2708,2010-12-07
2709,2010-12-08
2710,2010-12-09
2711,2010-12-10
2712,2010-12-13
2713,2010-12-14
2714,2010-12-15
2715,2010-12-16
2716,2010-12-17
2717,2010-12-20
2718,2010-12-21
2719,2010-12-22
2720,2010-12-23
2721,2010-12-27
2722,2010-12-28
2723,2010-12-29
2724,2010-12-30
2725,2011-01-03
2726,2011-01-04
2727,2011-01-05
2728,2011-01-06
2729,2011-01-07
2730,2011-01-10
2731,2011-01-11
2732,2011-01-12
2733,2011-01-13
2734,2011-01-14
2735,2011-01-17
2736,2011-01-18
2737,2011-01-19
2738,2011-01-20
2739,2011-01-21
2740,2011-01-24
2741,2011-01-26
2742,2011-01-27
2743,2011-01-28
2744,2011-01-31
2745,2011-02-01
2746,2011-02-02
2747,2011-02-03
2748,2011-02-04
2749,2011-02-07
2750,2011-02-08
2751,2011-02-09
2752,2011-02-10
2753,2011-02-11
2754,2011-02-14
2755,2011-02-15
2756,2011-02-16
2757,2011-02-17
2758,2011-02-18
2759,2011-02-21
2760,2011-02-22
2761,2011-02-23
2762,2011-02-24
2763,2011-02-25
2764,2011-02-28
2765,2011-03-01
2766,2011-03-02
2767,2011-03-03
2768,2011-03-04
2769,2011-03-09
2770,2011-03-10
2771,2011-03-11
2772,2011-03-14
2773,2011-03-15
2774,2011-03-16
2775,2011-03-17
2776,2011-03-18
2777,2011-03-21
2778,2011-03-22
2779,2011-03-23
2780,2011-03-24
2781,2011-03-25
2782,2011-03-28
2783,2011-03-29
2784,2011-03-30
2785,2011-03-31
2786,2011-04-01
2787,2011-04-04
2788,2011-04-05
2789,2011-04-06
2790,2011-04-07
2791,2011-04-08
2792,2011-04-11
2793,2011-04-12
2794,2011-04-13
2795,2011-04-14
2796,2011-04-15
2797,2011-04-18
2798,2011-04-19
2799,2011-04-20
2800,2011-04-25
2801,2011-04-26
2802,2011-04-27
2803,2011-04-28
2804,2011-04-29
2805,2011-05-02
2806,2011-05-03
2807,2011-05-04
2808,2011-05-05
2809,2011-05-06
2810,2011-05-09
2811,2011-05-10
2812,2011-05-11
2813,2011-05-12
2814,2011-05-13
2815,2011-05-16
2816,2011-05-17
2817,2011-05-18
2818,2011-05-19
2819,2011-05-20
2820,2011-05-23
2821,2011-05-24
2822,2011-05-25
2823,2011-05-26
2824,2011-05-27
2825,2011-05-30
2826,2011-05-31
2827,2011-06-01
2828,2011-06-02
2829,2011-06-03
2830,2011-06-06
2831,2011-06-07
2832,2011-06-08
2833,2011-06-09
2834,2011-06-10
2835,2011-06-13
2836,2011-06-14
2837,2011-06-15
2838,2011-06-16
2839,2011-06-17
2840,2011-06-20
2841,2011-06-21
2842,2011-06-22
2843,2011-06-24
2844,2011-06-27
2845,2011-06-28
2846,2011-06-29
2847,2011-06-30
2848,2011-07-01
2849,2011-07-04
2850,2011-07-05
2851,2011-07-06
2852,2011-07-07
2853,2011-07-08
2854,2011-07-11
2855,2011-07-12
2856,2011-07-13
2857,2011-07-14
2858,2011-07-15
2859,2011-07-18
2860,2011-07-19
2861,2011-07-20
2862,2011-07-21
2863,2011-07-22
2864,2011-07-25
2865,2011-07-26
2866,2011-07-27
2867,2011-07-28
2868,2011-07-29
2869,2011-08-01
2870,2011-08-02
2871,2011-08-03
2872,2011-08-04
2873,2011-08-05
2874,2011-08-08
2875,2011-08-09
2876,2011-08-10
2877,2011-08-11
2878,2011-08-12
2879,2011-08-15
2880,2011-08-16
2881,2011-08-17
2882,2011-08-18
2883,2011-08-19
2884,2011-08-22
2885,2011-08-23
2886,2011-08-24
2887,2011-08-25
2888,2011-08-26
2889,2011-08-29
2890,2011-08-30
2891,2011-08-31
2892,2011-09-01
2893,2011-09-02
2894,2011-09-05
2895,2011-09-06
2896,2011-09-08
2897,2011-09-09
2898,2011-09-12
2899,2011-09-13
2900,2011-09-14
2901,2011-09-15
2902,2011-09-16
2903,2011-09-19
2904,2011-09-20
2905,2011-09-21
2906,2011-09-22
2907,2011-09-23
2908,2011-09-26
2909,2011-09-27
2910,2011-09-28
2911,2011-09-29
2912,2011-09-30
2913,2011-10-03
2914,2011-10-04
2915,2011-10-05
2916,2011-10-06
2917,2011-10-07
2918,2011-10-10
2919,2011-10-11
2920,2011-10-13
2921,2011-10-14
2922,2011-10-17
2923,2011-10-18
2924,2011-10-19
2925,2011-10-20
2926,2011-10-21
2927,2011-10-24
2928,2011-10-25
2929,2011-10-26
2930,2011-10-27
2931,2011-10-28
2932,2011-10-31
2933,2011-11-01
2934,2011-11-03
2935,2011-11-04
2936,2011-11-07
2937,2011-11-08
2938,2011-11-09
2939,2011-11-10
2940,2011-11-11
2941,2011-11-14
2942,2011-11-16
2943,2011-11-17
2944,2011-11-18
2945,2011-11-21
2946,2011-11-22
2947,2011-11-23
2948,2011-11-24
2949,2011-11-25
2950,2011-11-28
2951,2011-11-29
2952,2011-11-30
2953,2011-12-01
2954,2011-12-02
2955,2011-12-05
2956,2011-12-06
2957,2011-12-07
2958,2011-12-08
2959,2011-12-09
2960,2011-12-12
2961,2011-12-13
2962,2011-12-14
2963,2011-12-15
2964,2011-12-16
2965,2011-12-19
2966,2011-12-20
2967,2011-12-21
2968,2011-12-22
2969,2011-12-23
2970,2011-12-26
2971,2011-12-27
2972,2011-12-28
2973,2011-12-29
2974,2012-01-02
2975,2012-01-03
2976,2012-01-04
2977,2012-01-05
2978,2012-01-06
2979,2012-01-09
2980,2012-01-10
2981,2012-01-11
2982,2012-01-12
2983,2012-01-13
2984,2012-01-16
2985,2012-01-17
2986,2012-01-18
2987,2012-01-19
2988,2012-01-20
2989,2012-01-23
2990,2012-01-24
2991,2012-01-26
2992,2012-01-27
2993,2012-01-30
2994,2012-01-31
2995,2012-02-01
2996,2012-02-02
2997,2012-02-03
2998,2012-02-06
2999,2012-02-07
3000,2012-02-08
3001,2012-02-09
3002,2012-02-10
3003,2012-02-13
3004,2012-02-14
3005,2012-02-15
3006,2012-02-16
3007,2012-02-17
3008,2012-02-22
3009,2012-02-23
3010,2012-02-24
3011,2012-02-27
3012,2012-02-28
3013,2012-02-29
3014,2012-03-01
3015,2012-03-02
3016,2012-03-05
3017,2012-03-06
3018,2012-03-07
3019,2012-03-08
3020,2012-03-09
3021,2012-03-12
3022,2012-03-13
3023,2012-03-14
3024,2012-03-15
3025,2012-03-16
3026,2012-03-19
3027,2012-03-20
3028,2012-03-21
3029,2012-03-22
3030,2012-03-23
3031,2012-03-26
3032,2012-03-27
3033,2012-03-28
3034,2012-03-29
3035,2012-03-30
3036,2012-04-02
3037,2012-04-03
3038,2012-04-04
3039,2012-04-05
3040,2012-04-09
3041,2012-04-10
3042,2012-04-11
3043,2012-04-12
3044,2012-04-13
3045,2012-04-16
3046,2012-04-17
3047,2012-04-18
3048,2012-04-19
3049,2012-04-20
3050,2012-04-23
3051,2012-04-24
3052,2012-04-25
3053,2012-04-26
3054,2012-04-27
3055,2012-04-30
3056,2012-05-02
3057,2012-05-03
3058,2012-05-04
3059,2012-05-07
3060,2012-05-08
3061,2012-05-09
3062,2012-05-10
3063,2012-05-11
3064,2012-05-14
3065,2012-05-15
3066,2012-05-16
3067,2012-05-17
3068,2012-05-18
3069,2012-05-21
3070,2012-05-22
3071,2012-05-23
3072,2012-05-24
3073,2012-05-25
3074,2012-05-28
3075,2012-05-29
3076,2012-05-30
3077,2012-05-31
3078,2012-06-01
3079,2012-06-04
3080,2012-06-05
3081,2012-06-06
3082,2012-06-08
3083,2012-06-11
3084,2012-06-12
3085,2012-06-13
3086,2012-06-14
3087,2012-06-15
3088,2012-06-18
3089,2012-06-19
3090,2012-06-20
3091,2012-06-21
3092,2012-06-22
3093,2012-06-25
3094,2012-06-26
3095,2012-06-27
3096,2012-06-28
3097,2012-06-29
3098,2012-07-02
3099,2012-07-03
3100,2012-07-04
3101,2012-07-05
3102,2012-07-06
3103,2012-07-10
3104,2012-07-11
3105,2012-07-12
3106,2012-07-13
3107,2012-07-16
3108,2012-07-17
3109,2012-07-18
3110,2012-07-19
3111,2012-07-20
3112,2012-07-23
3113,2012-07-24
3114,2012-07-25
3115,2012-07-26
3116,2012-07-27
3117,2012-07-30
3118,2012-07-31
3119,2012-08-01
3120,2012-08-02
3121,2012-08-03
3122,2012-08-06
3123,2012-08-07
3124,2012-08-08
3125,2012-08-09
3126,2012-08-10
3127,2012-08-13
3128,2012-08-14
3129,2012-08-15
3130,2012-08-16
3131,2012-08-17
3132,2012-08-20
3133,2012-08-21
3134,2012-08-22
3135,2012-08-23
3136,2012-08-24
3137,2012-08-27
3138,2012-08-28
3139,2012-08-29
3140,2012-08-30
3141,2012-08-31
3142,2012-09-03
3143,2012-09-04
3144,2012-09-05
3145,2012-09-06
3146,2012-09-10
3147,2012-09-11
3148,2012-09-12
3149,2012-09-13
3150,2012-09-14
3151,2012-09-17
3152,2012-09-18
3153,2012-09-19
3154,2012-09-20
3155,2012-09-21
3156,2012-09-24
3157,2012-09-25
3158,2012-09-26
3159,2012-09-27
3160,2012-09-28
3161,2012-10-01
3162,2012-10-02
3163,2012-10-03
3164,2012-10-04
3165,2012-10-05
3166,2012-10-08
3167,2012-10-09
3168,2012-10-10
3169,2012-10-11
3170,2012-10-15
3171,2012-10-16
3172,2012-10-17
3173,2012-10-18
3174,2012-10-19
3175,2012-10-22
3176,2012-10-23
3177,2012-10-24
3178,2012-10-25
3179,2012-10-26
3180,2012-10-29
3181,2012-10-30
3182,2012-10-31
3183,2012-11-01
3184,2012-11-05
3185,2012-11-06
3186,2012-11-07
3187,2012-11-08
3188,2012-11-09
3189,2012-11-12
3190,2012-11-13
3191,2012-11-14
3192,2012-11-16
3193,2012-11-19
3194,2012-11-21
3195,2012-11-22
3196,2012-11-23
3197,2012-11-26
3198,2012-11-27
3199,2012-11-28
3200,2012-11-29
3201,2012-11-30
3202,2012-12-03
3203,2012-12-04
3204,2012-12-05
3205,2012-12-06
3206,2012-12-07
3207,2012-12-10
3208,2012-12-11
3209,2012-12-12
3210,2012-12-13
3211,2012-12-14
3212,2012-12-17
3213,2012-12-18
3214,2012-12-19
3215,2012-12-20
3216,2012-12-21
3217,2012-12-26
3218,2012-12-27
3219,2012-12-28
3220,2013-01-02
3221,2013-01-03
3222,2013-01-04
3223,2013-01-07
3224,2013-01-08
3225,2013-01-09
3226,2013-01-10
3227,2013-01-11
3228,2013-01-14
3229,2013-01-15
3230,2013-01-16
3231,2013-01-17
3232,2013-01-18
3233,2013-01-21
3234,2013-01-22
3235,2013-01-23
3236,2013-01-24
3237,2013-01-28
3238,2013-01-29
3239,2013-01-30
3240,2013-01-31
3241,2013-02-01
3242,2013-02-04
3243,2013-02-05
3244,2013-02-06
3245,2013-02-07
3246,2013-02-08
3247,2013-02-13
3248,2013-02-14
3249,2013-02-15
3250,2013-02-18
3251,2013-02-19
3252,2013-02-20
3253,2013-02-21
3254,2013-02-22
3255,2013-02-25
3256,2013-02-26
3257,2013-02-27
3258,2013-02-28
3259,2013-03-01
3260,2013-03-04
3261,2013-03-05
3262,2013-03-06
3263,2013-03-07
3264,2013-03-08
3265,2013-03-11
3266,2013-03-12
3267,2013-03-13
3268,2013-03-14
3269,2013-03-15
3270,2013-03-18
3271,2013-03-19
3272,2013-03-20
3273,2013-03-21
3274,2013-03-22
3275,2013-03-25
3276,2013-03-26
3277,2013-03-27
3278,2013-03-28
3279,2013-04-01
3280,2013-04-02
3281,2013-04-03
3282,2013-04-04
3283,2013-04-05
3284,2013-04-08
3285,2013-04-09
3286,2013-04-10
3287,2013-04-11
3288,2013-04-12
3289,2013-04-15
3290,2013-04-16
3291,2013-04-17
3292,2013-04-18
3293,2013-04-19
3294,2013-04-22
3295,2013-04-23
3296,2013-04-24
3297,2013-04-25
3298,2013-04-26
3299,2013-04-29
3300,2013-04-30
3301,2013-05-02
3302,2013-05-03
3303,2013-05-06
3304,2013-05-07
3305,2013-05-08
3306,2013-05-09
3307,2013-05-10
3308,2013-05-13
3309,2013-05-14
3310,2013-05-15
3311,2013-05-16
3312,2013-05-17
3313,2013-05-20
3314,2013-05-21
3315,2013-05-22
3316,2013-05-23
3317,2013-05-24
3318,2013-05-27
3319,2013-05-28
3320,2013-05-29
3321,2013-05-31
3322,2013-06-03
3323,2013-06-04
3324,2013-06-05
3325,2013-06-06
3326,2013-06-07
3327,2013-06-10
3328,2013-06-11
3329,2013-06-12
3330,2013-06-13
3331,2013-06-14
3332,2013-06-17
3333,2013-06-18
3334,2013-06-19
3335,2013-06-20
3336,2013-06-21
3337,2013-06-24
3338,2013-06-25
3339,2013-06-26
3340,2013-06-27
3341,2013-06-28
3342,2013-07-01
3343,2013-07-02
3344,2013-07-03
3345,2013-07-04
3346,2013-07-05
3347,2013-07-08
3348,2013-07-10
3349,2013-07-11
3350,2013-07-12
3351,2013-07-15
3352,2013-07-16
3353,2013-07-17
3354,2013-07-18
3355,2013-07-19
3356,2013-07-22
3357,2013-07-23
3358,2013-07-24
3359,2013-07-25
3360,2013-07-26
3361,2013-07-29
3362,2013-07-30
3363,2013-07-31
3364,2013-08-01
3365,2013-08-02
3366,2013-08-05
3367,2013-08-06
3368,2013-08-07
3369,2013-08-08
3370,2013-08-09
3371,2013-08-12
3372,2013-08-13
3373,2013-08-14
3374,2013-08-15
3375,2013-08-16
3376,2013-08-19
3377,2013-08-20
3378,2013-08-21
3379,2013-08-22
3380,2013-08-23
3381,2013-08-26
3382,2013-08-27
3383,2013-08-28
3384,2013-08-29
3385,2013-08-30
3386,2013-09-02
3387,2013-09-03
3388,2013-09-04
3389,2013-09-05
3390,2013-09-06
3391,2013-09-09
3392,2013-09-10
3393,2013-09-11
3394,2013-09-12
3395,2013-09-13
3396,2013-09-16
3397,2013-09-17
3398,2013-09-18
3399,2013-09-19
3400,2013-09-20
3401,2013-09-23
3402,2013-09-24
3403,2013-09-25
3404,2013-09-26
3405,2013-09-27
3406,2013-09-30
3407,2013-10-01
3408,2013-10-02
3409,2013-10-03
3410,2013-10-04
3411,2013-10-07
3412,2013-10-08
3413,2013-10-09
3414,2013-10-10
3415,2013-10-11
3416,2013-10-14
3417,2013-10-15
3418,2013-10-16
3419,2013-10-17
3420,2013-10-18
3421,2013-10-21
3422,2013-10-22
3423,2013-10-23
3424,2013-10-24
3425,2013-10-25
3426,2013-10-28
3427,2013-10-29
3428,2013-10-30
3429,2013-10-31
3430,2013-11-01
3431,2013-11-04
3432,2013-11-05
3433,2013-11-06
3434,2013-11-07
3435,2013-11-08
3436,2013-11-11
3437,2013-11-12
3438,2013-11-13
3439,2013-11-14
3440,2013-11-18
3441,2013-11-19
3442,2013-11-21
3443,2013-11-22
3444,2013-11-25
3445,2013-11-26
3446,2013-11-27
3447,2013-11-28
3448,2013-11-29
3449,2013-12-02
3450,2013-12-03
3451,2013-12-04
3452,2013-12-05
3453,2013-12-06
3454,2013-12-09
3455,2013-12-10
3456,2013-12-11
3457,2013-12-12
3458,2013-12-13
3459,2013-12-16
3460,2013-12-17
3461,2013-12-18
3462,2013-12-19
3463,2013-12-20
3464,2013-12-23
3465,2013-12-26
3466,2013-12-27
3467,2013-12-30
3468,2014-01-02
3469,2014-01-03
3470,2014-01-06
3471,2014-01-07
3472,2014-01-08
3473,2014-01-09
3474,2014-01-10
3475,2014-01-13
3476,2014-01-14
3477,2014-01-15
3478,2014-01-16
3479,2014-01-17
3480,2014-01-20
3481,2014-01-21
3482,2014-01-22
3483,2014-01-23
3484,2014-01-24
3485,2014-01-27
3486,2014-01-28
3487,2014-01-29
3488,2014-01-30
3489,2014-01-31
3490,2014-02-03
3491,2014-02-04
3492,2014-02-05
3493,2014-02-06
3494,2014-02-07
3495,2014-02-10
3496,2014-02-11
3497,2014-02-12
3498,2014-02-13
3499,2014-02-14
3500,2014-02-17
3501,2014-02-18
3502,2014-02-19
3503,2014-02-20
3504,2014-02-21
3505,2014-02-24
3506,2014-02-25
3507,2014-02-26
3508,2014-02-27
3509,2014-02-28
3510,2014-03-05
3511,2014-03-06
3512,2014-03-07
3513,2014-03-10
3514,2014-03-11
3515,2014-03-12
3516,2014-03-13
3517,2014-03-14
3518,2014-03-17
3519,2014-03-18
3520,2014-03-19
3521,2014-03-20
3522,2014-03-21
3523,2014-03-24
3524,2014-03-25
3525,2014-03-26
3526,2014-03-27
3527,2014-03-28
3528,2014-03-31
3529,2014-04-01
3530,2014-04-02
3531,2014-04-03
3532,2014-04-04
3533,2014-04-07
3534,2014-04-08
3535,2014-04-09
3536,2014-04-10
3537,2014-04-11
3538,2014-04-14
3539,2014-04-15
3540,2014-04-16
3541,2014-04-17
3542,2014-04-22
3543,2014-04-23
3544,2014-04-24
3545,2014-04-25
3546,2014-04-28
3547,2014-04-29
3548,2014-04-30
3549,2014-05-02
3550,2014-05-05
3551,2014-05-06
3552,2014-05-07
3553,2014-05-08
3554,2014-05-09
3555,2014-05-12
3556,2014-05-13
3557,2014-05-14
3558,2014-05-15
3559,2014-05-16
3560,2014-05-19
3561,2014-05-20
3562,2014-05-21
3563,2014-05-22
3564,2014-05-23
3565,2014-05-26
3566,2014-05-27
3567,2014-05-28
3568,2014-05-29
3569,2014-05-30
3570,2014-06-02
3571,2014-06-03
3572,2014-06-04
3573,2014-06-05
3574,2014-06-06
3575,2014-06-09
3576,2014-06-10
3577,2014-06-11
3578,2014-06-13
3579,2014-06-16
3580,2014-06-17
3581,2014-06-18
3582,2014-06-20
3583,2014-06-23
3584,2014-06-24
3585,2014-06-25
3586,2014-06-26
3587,2014-06-27
3588,2014-06-30
3589,2014-07-01
3590,2014-07-02
3591,2014-07-03
3592,2014-07-04
3593,2014-07-07
3594,2014-07-08
3595,2014-07-10
3596,2014-07-11
3597,2014-07-14
3598,2014-07-15
3599,2014-07-16
3600,2014-07-17
3601,2014-07-18
3602,2014-07-21
3603,2014-07-22
3604,2014-07-23
3605,2014-07-24
3606,2014-07-25
3607,2014-07-28
3608,2014-07-29
3609,2014-07-30
3610,2014-07-31
3611,2014-08-01
3612,2014-08-04
3613,2014-08-05
3614,2014-08-06
3615,2014-08-07
3616,2014-08-08
3617,2014-08-11
3618,2014-08-12
3619,2014-08-13
3620,2014-08-14
3621,2014-08-15
3622,2014-08-18
3623,2014-08-19
3624,2014-08-20
3625,2014-08-21
3626,2014-08-22
3627,2014-08-25
3628,2014-08-26
3629,2014-08-27
3630,2014-08-28
3631,2014-08-29
3632,2014-09-01
3633,2014-09-02
3634,2014-09-03
3635,2014-09-04
3636,2014-09-05
3637,2014-09-08
3638,2014-09-09
3639,2014-09-10
3640,2014-09-11
3641,2014-09-12
3642,2014-09-15
3643,2014-09-16
3644,2014-09-17
3645,2014-09-18
3646,2014-09-19
3647,2014-09-22
3648,2014-09-23
3649,2014-09-24
3650,2014-09-25
3651,2014-09-26
3652,2014-09-29
3653,2014-09-30
3654,2014-10-01
3655,2014-10-02
3656,2014-10-03
3657,2014-10-06
3658,2014-10-07
3659,2014-10-08
3660,2014-10-09
3661,2014-10-10
3662,2014-10-13
3663,2014-10-14
3664,2014-10-15
3665,2014-10-16
3666,2014-10-17
3667,2014-10-20
3668,2014-10-21
3669,2014-10-22
3670,2014-10-23
3671,2014-10-24
3672,2014-10-27
3673,2014-10-28
3674,2014-10-29
3675,2014-10-30
3676,2014-10-31
3677,2014-11-03
3678,2014-11-04
3679,2014-11-05
3680,2014-11-06
3681,2014-11-07
3682,2014-11-10
3683,2014-11-11
3684,2014-11-12
3685,2014-11-13
3686,2014-11-14
3687,2014-11-17
3688,2014-11-18
3689,2014-11-19
3690,2014-11-21
3691,2014-11-24
3692,2014-11-25
3693,2014-11-26
3694,2014-11-27
3695,2014-11-28
3696,2014-12-01
3697,2014-12-02
3698,2014-12-03
3699,2014-12-04
3700,2014-12-05
3701,2014-12-08
3702,2014-12-09
3703,2014-12-10
3704,2014-12-11
3705,2014-12-12
3706,2014-12-15
3707,2014-12-16
3708,2014-12-17
3709,2014-12-18
3710,2014-12-19
3711,2014-12-22
3712,2014-12-23
3713,2014-12-26
3714,2014-12-29
3715,2014-12-30
3716,2015-01-02
3717,2015-01-05
3718,2015-01-06
3719,2015-01-07
3720,2015-01-08
3721,2015-01-09
3722,2015-01-12
3723,2015-01-13
3724,2015-01-14
3725,2015-01-15
3726,2015-01-16
3727,2015-01-19
3728,2015-01-20
3729,2015-01-21
3730,2015-01-22
3731,2015-01-23
3732,2015-01-26
3733,2015-01-27
3734,2015-01-28
3735,2015-01-29
3736,2015-01-30
3737,2015-02-02
3738,2015-02-03
3739,2015-02-04
3740,2015-02-05
3741,2015-02-06
3742,2015-02-09
3743,2015-02-10
3744,2015-02-11
3745,2015-02-12
3746,2015-02-13
3747,2015-02-18
3748,2015-02-19
3749,2015-02-20
3750,2015-02-23
3751,2015-02-24
3752,2015-02-25
3753,2015-02-26
3754,2015-02-27
3755,2015-03-02
3756,2015-03-03
3757,2015-03-04
3758,2015-03-05
3759,2015-03-06
3760,2015-03-09
3761,2015-03-10
3762,2015-03-11
3763,2015-03-12
3764,2015-03-13
3765,2015-03-16
3766,2015-03-17
3767,2015-03-18
3768,2015-03-19
3769,2015-03-20
3770,2015-03-23
3771,2015-03-24
3772,2015-03-25
3773,2015-03-26
3774,2015-03-27
3775,2015-03-30
3776,2015-03-31
3777,2015-04-01
3778,2015-04-02
3779,2015-04-06
3780,2015-04-07
3781,2015-04-08
3782,2015-04-09
3783,2015-04-10
3784,2015-04-13
3785,2015-04-14
3786,2015-04-15
3787,2015-04-16
3788,2015-04-17
3789,2015-04-20
3790,2015-04-22
3791,2015-04-23
3792,2015-04-24
3793,2015-04-27
3794,2015-04-28
3795,2015-04-29
3796,2015-04-30
3797,2015-05-04
3798,2015-05-05
3799,2015-05-06
3800,2015-05-07
3801,2015-05-08
3802,2015-05-11
3803,2015-05-12
3804,2015-05-13
3805,2015-05-14
3806,2015-05-15
3807,2015-05-18
3808,2015-05-19
3809,2015-05-20
3810,2015-05-21
3811,2015-05-22
3812,2015-05-25
3813,2015-05-26
3814,2015-05-27
3815,2015-05-28
3816,2015-05-29
3817,2015-06-01
3818,2015-06-02
3819,2015-06-03
3820,2015-06-05
3821,2015-06-08
3822,2015-06-09
3823,2015-06-10
3824,2015-06-11
3825,2015-06-12
3826,2015-06-15
3827,2015-06-16
3828,2015-06-17
3829,2015-06-18
3830,2015-06-19
3831,2015-06-22
3832,2015-06-23
3833,2015-06-24
3834,2015-06-25
3835,2015-06-26
3836,2015-06-29
3837,2015-06-30
3838,2015-07-01
3839,2015-07-02
3840,2015-07-03
3841,2015-07-06
3842,2015-07-07
3843,2015-07-08
3844,2015-07-10
3845,2015-07-13
3846,2015-07-14
3847,2015-07-15
3848,2015-07-16
3849,2015-07-17
3850,2015-07-20
3851,2015-07-21
3852,2015-07-22
3853,2015-07-23
3854,2015-07-24
3855,2015-07-27
3856,2015-07-28
3857,2015-07-29
3858,2015-07-30
3859,2015-07-31
3860,2015-08-03
3861,2015-08-04
3862,2015-08-05
3863,2015-08-06
3864,2015-08-07
3865,2015-08-10
3866,2015-08-11
3867,2015-08-12
3868,2015-08-13
3869,2015-08-14
3870,2015-08-17
3871,2015-08-18
3872,2015-08-19
3873,2015-08-20
3874,2015-08-21
3875,2015-08-24
3876,2015-08-25
3877,2015-08-26
3878,2015-08-27
3879,2015-08-28
3880,2015-08-31
3881,2015-09-01
3882,2015-09-02
3883,2015-09-03
3884,2015-09-04
3885,2015-09-08
3886,2015-09-09
3887,2015-09-10
3888,2015-09-11
3889,2015-09-14
3890,2015-09-15
3891,2015-09-16
3892,2015-09-17
3893,2015-09-18
3894,2015-09-21
3895,2015-09-22
3896,2015-09-23
3897,2015-09-24
3898,2015-09-25
3899,2015-09-28
3900,2015-09-29
3901,2015-09-30
3902,2015-10-01
3903,2015-10-02
3904,2015-10-05
3905,2015-10-06
3906,2015-10-07
3907,2015-10-08
3908,2015-10-09
3909,2015-10-13
3910,2015-10-14
3911,2015-10-15
3912,2015-10-16
3913,2015-10-19
3914,2015-10-20
3915,2015-10-21
3916,2015-10-22
3917,2015-10-23
3918,2015-10-26
3919,2015-10-27
3920,2015-10-28
3921,2015-10-29
3922,2015-10-30
3923,2015-11-03
3924,2015-11-04
3925,2015-11-05
3926,2015-11-06
3927,2015-11-09
3928,2015-11-10
3929,2015-11-11
3930,2015-11-12
3931,2015-11-13
3932,2015-11-16
3933,2015-11-17
3934,2015-11-18
3935,2015-11-19
3936,2015-11-23
3937,2015-11-24
3938,2015-11-25
3939,2015-11-26
3940,2015-11-27
3941,2015-11-30
3942,2015-12-01
3943,2015-12-02
3944,2015-12-03
3945,2015-12-04
3946,2015-12-07
3947,2015-12-08
3948,2015-12-09
3949,2015-12-10
3950,2015-12-11
3951,2015-12-14
3952,2015-12-15
3953,2015-12-16
3954,2015-12-17
3955,2015-12-18
3956,2015-12-21
3957,2015-12-22
3958,2015-12-23
3959,2015-12-28
3960,2015-12-29
3961,2015-12-30
3962,2016-01-04
3963,2016-01-05
3964,2016-01-06
3965,2016-01-07
3966,2016-01-08
3967,2016-01-11
3968,2016-01-12
3969,2016-01-13
3970,2016-01-14
3971,2016-01-15
3972,2016-01-18
3973,2016-01-19
3974,2016-01-20
3975,2016-01-21
3976,2016-01-22
3977,2016-01-26
3978,2016-01-27
3979,2016-01-28
3980,2016-01-29
3981,2016-02-01
3982,2016-02-02
3983,2016-02-03
3984,2016-02-04
3985,2016-02-05
3986,2016-02-10
3987,2016-02-11
3988,2016-02-12
3989,2016-02-15
3990,2016-02-16
3991,2016-02-17
3992,2016-02-18
3993,2016-02-19
3994,2016-02-22
3995,2016-02-23
3996,2016-02-24
3997,2016-02-25
3998,2016-02-26
3999,2016-02-29
4000,2016-03-01
4001,2016-03-02
4002,2016-03-03
4003,2016-03-04
4004,2016-03-07
4005,2016-03-08
4006,2016-03-09
4007,2016-03-10
4008,2016-03-11
4009,2016-03-14
4010,2016-03-15
4011,2016-03-16
4012,2016-03-17
4013,2016-03-18
4014,2016-03-21
4015,2016-03-22
4016,2016-03-23
4017,2016-03-24
4018,2016-03-28
4019,2016-03-29
4020,2016-03-30
4021,2016-03-31
4022,2016-04-01
4023,2016-04-04
4024,2016-04-05
4025,2016-04-06
4026,2016-04-07
4027,2016-04-08
4028,2016-04-11
4029,2016-04-12
4030,2016-04-13
4031,2016-04-14
4032,2016-04-15
4033,2016-04-18
4034,2016-04-19
4035,2016-04-20
4036,2016-04-22
4037,2016-04-25
4038,2016-04-26
4039,2016-04-27
4040,2016-04-28
4041,2016-04-29
4042,2016-05-02
4043,2016-05-03
4044,2016-05-04
4045,2016-05-05
4046,2016-05-06
4047,2016-05-09
4048,2016-05-10
4049,2016-05-11
4050,2016-05-12
4051,2016-05-13
4052,2016-05-16
4053,2016-05-17
4054,2016-05-18
4055,2016-05-19
4056,2016-05-20
4057,2016-05-23
4058,2016-05-24
4059,2016-05-25
4060,2016-05-27
4061,2016-05-30
4062,2016-05-31
4063,2016-06-01
4064,2016-06-02
4065,2016-06-03
4066,2016-06-06
4067,2016-06-07
4068,2016-06-08
4069,2016-06-09
4070,2016-06-10
4071,2016-06-13
4072,2016-06-14
4073,2016-06-15
4074,2016-06-16
4075,2016-06-17
4076,2016-06-20
4077,2016-06-21
4078,2016-06-22
4079,2016-06-23
4080,2016-06-24
4081,2016-06-27
4082,2016-06-28
4083,2016-06-29
4084,2016-06-30
4085,2016-07-01
4086,2016-07-04
4087,2016-07-05
4088,2016-07-06
4089,2016-07-07
4090,2016-07-08
4091,2016-07-11
4092,2016-07-12
4093,2016-07-13
4094,2016-07-14
4095,2016-07-15
4096,2016-07-18
4097,2016-07-19
4098,2016-07-20
4099,2016-07-21
4100,2016-07-22
4101,2016-07-25
4102,2016-07-26
4103,2016-07-27
4104,2016-07-28
4105,2016-07-29
4106,2016-08-01
4107,2016-08-02
4108,2016-08-03
4109,2016-08-04
4110,2016-08-05
4111,2016-08-08
4112,2016-08-09
4113,2016-08-10
4114,2016-08-11
4115,2016-08-12
4116,2016-08-15
4117,2016-08-16
4118,2016-08-17
4119,2016-08-18
4120,2016-08-19
4121,2016-08-22
4122,2016-08-23
4123,2016-08-24
4124,2016-08-25
4125,2016-08-26
4126,2016-08-29
4127,2016-08-30
4128,2016-08-31
4129,2016-09-01
4130,2016-09-02
4131,2016-09-05
4132,2016-09-06
4133,2016-09-08
4134,2016-09-09
4135,2016-09-12
4136,2016-09-13
4137,2016-09-14
4138,2016-09-15
4139,2016-09-16
4140,2016-09-19
4141,2016-09-20
4142,2016-09-21
4143,2016-09-22
4144,2016-09-23
4145,2016-09-26
4146,2016-09-27
4147,2016-09-28
4148,2016-09-29
4149,2016-09-30
4150,2016-10-03
4151,2016-10-04
4152,2016-10-05
4153,2016-10-06
4154,2016-10-07
4155,2016-10-10
4156,2016-10-11
4157,2016-10-13
4158,2016-10-14
4159,2016-10-17
4160,2016-10-18
4161,2016-10-19
4162,2016-10-20
4163,2016-10-21
4164,2016-10-24
4165,2016-10-25
4166,2016-10-26
4167,2016-10-27
4168,2016-10-28
4169,2016-10-31
4170,2016-11-01
4171,2016-11-03
4172,2016-11-04
4173,2016-11-07
4174,2016-11-08
4175,2016-11-09
4176,2016-11-10
4177,2016-11-11
4178,2016-11-14
4179,2016-11-16
4180,2016-11-17
4181,2016-11-18
4182,2016-11-21
4183,2016-11-22
4184,2016-11-23
4185,2016-11-24
4186,2016-11-25
4187,2016-11-28
4188,2016-11-29
4189,2016-11-30
4190,2016-12-01
4191,2016-12-02
4192,2016-12-05
4193,2016-12-06
4194,2016-12-07
4195,2016-12-08
4196,2016-12-09
4197,2016-12-12
4198,2016-12-13
4199,2016-12-14
4200,2016-12-15
4201,2016-12-16
4202,2016-12-19
4203,2016-12-20
4204,2016-12-21
4205,2016-12-22
4206,2016-12-23
4207,2016-12-26
4208,2016-12-27
4209,2016-12-28
4210,2016-12-29
4211,2017-01-02
4212,2017-01-03
4213,2017-01-04
4214,2017-01-05
4215,2017-01-06
4216,2017-01-09
4217,2017-01-10
4218,2017-01-11
4219,2017-01-12
4220,2017-01-13
4221,2017-01-16
4222,2017-01-17
4223,2017-01-18
4224,2017-01-19
4225,2017-01-20
4226,2017-01-23
4227,2017-01-24
4228,2017-01-26
4229,2017-01-27
4230,2017-01-30
4231,2017-01-31
4232,2017-02-01
4233,2017-02-02
4234,2017-02-03
4235,2017-02-06
4236,2017-02-07
4237,2017-02-08
4238,2017-02-09
4239,2017-02-10
4240,2017-02-13
4241,2017-02-14
4242,2017-02-15
4243,2017-02-16
4244,2017-02-17
4245,2017-02-20
4246,2017-02-21
4247,2017-02-22
4248,2017-02-23
4249,2017-02-24
4250,2017-03-01
4251,2017-03-02
4252,2017-03-03
4253,2017-03-06
4254,2017-03-07
4255,2017-03-08
4256,2017-03-09
4257,2017-03-10
4258,2017-03-13
4259,2017-03-14
4260,2017-03-15
4261,2017-03-16
4262,2017-03-17
4263,2017-03-20
4264,2017-03-21
4265,2017-03-22
4266,2017-03-23
4267,2017-03-24
4268,2017-03-27
4269,2017-03-28
4270,2017-03-29
4271,2017-03-30
4272,2017-03-31
4273,2017-04-03
4274,2017-04-04
4275,2017-04-05
4276,2017-04-06
4277,2017-04-07
4278,2017-04-10
4279,2017-04-11
4280,2017-04-12
4281,2017-04-13
4282,2017-04-17
4283,2017-04-18
4284,2017-04-19
4285,2017-04-20
4286,2017-04-24
4287,2017-04-25
4288,2017-04-26
4289,2017-04-27
4290,2017-04-28
4291,2017-05-02
4292,2017-05-03
4293,2017-05-04
4294,2017-05-05
4295,2017-05-08
4296,2017-05-09
4297,2017-05-10
4298,2017-05-11
4299,2017-05-12
4300,2017-05-15
4301,2017-05-16
4302,2017-05-17
4303,2017-05-18
4304,2017-05-19
4305,2017-05-22
4306,2017-05-23
4307,2017-05-24
4308,2017-05-25
4309,2017-05-26
4310,2017-05-29
4311,2017-05-30
4312,2017-05-31
4313,2017-06-01
4314,2017-06-02
4315,2017-06-05
4316,2017-06-06
4317,2017-06-07
4318,2017-06-08
4319,2017-06-09
4320,2017-06-12
4321,2017-06-13
4322,2017-06-14
4323,2017-06-16
4324,2017-06-19
4325,2017-06-20
4326,2017-06-21
4327,2017-06-22
4328,2017-06-23
4329,2017-06-26
4330,2017-06-27
4331,2017-06-28
4332,2017-06-29
4333,2017-06-30
4334,2017-07-03
4335,2017-07-04
4336,2017-07-05
4337,2017-07-06
4338,2017-07-07
4339,2017-07-10
4340,2017-07-11
4341,2017-07-12
4342,2017-07-13
4343,2017-07-14
4344,2017-07-17
4345,2017-07-18
4346,2017-07-19
4347,2017-07-20
4348,2017-07-21
4349,2017-07-24
4350,2017-07-25
4351,2017-07-26
4352,2017-07-27
4353,2017-07-28
4354,2017-07-31
4355,2017-08-01
4356,2017-08-02
4357,2017-08-03
4358,2017-08-04
4359,2017-08-07
4360,2017-08-08
4361,2017-08-09
4362,2017-08-10
4363,2017-08-11
4364,2017-08-14
4365,2017-08-15
4366,2017-08-16
4367,2017-08-17
4368,2017-08-18
4369,2017-08-21
4370,2017-08-22
4371,2017-08-23
4372,2017-08-24
4373,2017-08-25
4374,2017-08-28
4375,2017-08-29
4376,2017-08-30
4377,2017-08-31
4378,2017-09-01
4379,2017-09-04
4380,2017-09-05
4381,2017-09-06
4382,2017-09-08
4383,2017-09-11
4384,2017-09-12
4385,2017-09-13
4386,2017-09-14
4387,2017-09-15
4388,2017-09-18
4389,2017-09-19
4390,2017-09-20
4391,2017-09-21
4392,2017-09-22
4393,2017-09-25
4394,2017-09-26
4395,2017-09-27
4396,2017-09-28
4397,2017-09-29
4398,2017-10-02
4399,2017-10-03
4400,2017-10-04
4401,2017-10-05
4402,2017-10-06
4403,2017-10-09
4404,2017-10-10
4405,2017-10-11
4406,2017-10-13
4407,2017-10-16
4408,2017-10-17
4409,2017-10-18
4410,2017-10-19
4411,2017-10-20
4412,2017-10-23
4413,2017-10-24
4414,2017-10-25
4415,2017-10-26
4416,2017-10-27
4417,2017-10-30
4418,2017-10-31
4419,2017-11-01
4420,2017-11-03
4421,2017-11-06
4422,2017-11-07
4423,2017-11-08
4424,2017-11-09
4425,2017-11-10
4426,2017-11-13
4427,2017-11-14
4428,2017-11-16
4429,2017-11-17
4430,2017-11-21
4431,2017-11-22
4432,2017-11-23
4433,2017-11-24
4434,2017-11-27
4435,2017-11-28
4436,2017-11-29
4437,2017-11-30
4438,2017-12-01
4439,2017-12-04
4440,2017-12-05
4441,2017-12-06
4442,2017-12-07
4443,2017-12-08
4444,2017-12-11
4445,2017-12-12
4446,2017-12-13
4447,2017-12-14
4448,2017-12-15
4449,2017-12-18
4450,2017-12-19
4451,2017-12-20
4452,2017-12-21
4453,2017-12-22
4454,2017-12-26
4455,2017-12-27
4456,2017-12-28
4457,2018-01-02
4458,2018-01-03
4459,2018-01-04
4460,2018-01-05
4461,2018-01-08
4462,2018-01-09
4463,2018-01-10
4464,2018-01-11
4465,2018-01-12
4466,2018-01-15
4467,2018-01-16
4468,2018-01-17
4469,2018-01-18
4470,2018-01-19
4471,2018-01-22
4472,2018-01-23
4473,2018-01-24
4474,2018-01-26
4475,2018-01-29
4476,2018-01-30
4477,2018-01-31
4478,2018-02-01
4479,2018-02-02
4480,2018-02-05
4481,2018-02-06
4482,2018-02-07
4483,2018-02-08
4484,2018-02-09
4485,2018-02-14
4486,2018-02-15
4487,2018-02-16
4488,2018-02-19
4489,2018-02-20
4490,2018-02-21
4491,2018-02-22
4492,2018-02-23
4493,2018-02-26
4494,2018-02-27
4495,2018-02-28
4496,2018-03-01
4497,2018-03-02
4498,2018-03-05
4499,2018-03-06
4500,2018-03-07
4501,2018-03-08
4502,2018-03-09
4503,2018-03-12
4504,2018-03-13
4505,2018-03-14
4506,2018-03-15
4507,2018-03-16
4508,2018-03-19
4509,2018-03-20
4510,2018-03-21
4511,2018-03-22
4512,2018-03-23
4513,2018-03-26
4514,2018-03-27
4515,2018-03-28
4516,2018-03-29
4517,2018-04-02
4518,2018-04-03
4519,2018-04-04
4520,2018-04-05
4521,2018-04-06
4522,2018-04-09
4523,2018-04-10
4524,2018-04-11
4525,2018-04-12
4526,2018-04-13
4527,2018-04-16
4528,2018-04-17
4529,2018-04-18
4530,2018-04-19
4531,2018-04-20
4532,2018-04-23
4533,2018-04-24
4534,2018-04-25
4535,2018-04-26
4536,2018-04-27
4537,2018-04-30
4538,2018-05-02
4539,2018-05-03
4540,2018-05-04
4541,2018-05-07
4542,2018-05-08
4543,2018-05-09
4544,2018-05-10
4545,2018-05-11
4546,2018-05-14
4547,2018-05-15
4548,2018-05-16
4549,2018-05-17
4550,2018-05-18
4551,2018-05-21
4552,2018-05-22
4553,2018-05-23
4554,2018-05-24
4555,2018-05-25
4556,2018-05-28
4557,2018-05-29
4558,2018-05-30
4559,2018-06-01
4560,2018-06-04
4561,2018-06-05
4562,2018-06-06
4563,2018-06-07
4564,2018-06-08
4565,2018-06-11
4566,2018-06-12
4567,2018-06-13
4568,2018-06-14
4569,2018-06-15
4570,2018-06-18
4571,2018-06-19
4572,2018-06-20
4573,2018-06-21
4574,2018-06-22
4575,2018-06-25
4576,2018-06-26
4577,2018-06-27
4578,2018-06-28
4579,2018-06-29
4580,2018-07-02
4581,2018-07-03
4582,2018-07-04
4583,2018-07-05
4584,2018-07-06
4585,2018-07-10
4586,2018-07-11
4587,2018-07-12
4588,2018-07-13
4589,2018-07-16
4590,2018-07-17
4591,2018-07-18
4592,2018-07-19
4593,2018-07-20
4594,2018-07-23
4595,2018-07-24
4596,2018-07-25
4597,2018-07-26
4598,2018-07-27
4599,2018-07-30
4600,2018-07-31
4601,2018-08-01
4602,2018-08-02
4603,2018-08-03
4604,2018-08-06
4605,2018-08-07
4606,2018-08-08
4607,2018-08-09
4608,2018-08-10
4609,2018-08-13
4610,2018-08-14
4611,2018-08-15
4612,2018-08-16
4613,2018-08-17
4614,2018-08-20
4615,2018-08-21
4616,2018-08-22
4617,2018-08-23
4618,2018-08-24
4619,2018-08-27
4620,2018-08-28
4621,2018-08-29
4622,2018-08-30
4623,2018-08-31
4624,2018-09-03
4625,2018-09-04
4626,2018-09-05
4627,2018-09-06
4628,2018-09-10
4629,2018-09-11
4630,2018-09-12
4631,2018-09-13
4632,2018-09-14
4633,2018-09-17
4634,2018-09-18
4635,2018-09-19
4636,2018-09-20
4637,2018-09-21
4638,2018-09-24
4639,2018-09-25
4640,2018-09-26
4641,2018-09-27
4642,2018-09-28
4643,2018-10-01
4644,2018-10-02
4645,2018-10-03
4646,2018-10-04
4647,2018-10-05
4648,2018-10-08
4649,2018-10-09
4650,2018-10-10
4651,2018-10-11
4652,2018-10-15
4653,2018-10-16
4654,2018-10-17
4655,2018-10-18
4656,2018-10-19
4657,2018-10-22
4658,2018-10-23
4659,2018-10-24
4660,2018-10-25
4661,2018-10-26
4662,2018-10-29
4663,2018-10-30
4664,2018-10-31
4665,2018-11-01
4666,2018-11-05
4667,2018-11-06
4668,2018-11-07
4669,2018-11-08
4670,2018-11-09
4671,2018-11-12
4672,2018-11-13
4673,2018-11-14
4674,2018-11-16
4675,2018-11-19
4676,2018-11-21
4677,2018-11-22
4678,2018-11-23
4679,2018-11-26
4680,2018-11-27
4681,2018-11-28
4682,2018-11-29
4683,2018-11-30
4684,2018-12-03
4685,2018-12-04
4686,2018-12-05
4687,2018-12-06
4688,2018-12-07
4689,2018-12-10
4690,2018-12-11
4691,2018-12-12
4692,2018-12-13
4693,2018-12-14
4694,2018-12-17
4695,2018-12-18
4696,2018-12-19
4697,2018-12-20
4698,2018-12-21
4699,2018-12-26
4700,2018-12-27
4701,2018-12-28
4702,2019-01-02
4703,2019-01-03
4704,2019-01-04
4705,2019-01-07
4706,2019-01-08
4707,2019-01-09
4708,2019-01-10
4709,2019-01-11
4710,2019-01-14
4711,2019-01-15
4712,2019-01-16
4713,2019-01-17
4714,2019-01-18
4715,2019-01-21
4716,2019-01-22
4717,2019-01-23
4718,2019-01-24
4719,2019-01-28
4720,2019-01-29
4721,2019-01-30
4722,2019-01-31
4723,2019-02-01
4724,2019-02-04
4725,2019-02-05
4726,2019-02-06
4727,2019-02-07
4728,2019-02-08
4729,2019-02-11
4730,2019-02-12
4731,2019-02-13
4732,2019-02-14
4733,2019-02-15
4734,2019-02-18
4735,2019-02-19
4736,2019-02-20
4737,2019-02-21
4738,2019-02-22
4739,2019-02-25
4740,2019-02-26
4741,2019-02-27
4742,2019-02-28
4743,2019-03-01
4744,2019-03-06
4745,2019-03-07
4746,2019-03-08
4747,2019-03-11
4748,2019-03-12
4749,2019-03-13
4750,2019-03-14
4751,2019-03-15
4752,2019-03-18
4753,2019-03-19
4754,2019-03-20
4755,2019-03-21
4756,2019-03-22
4757,2019-03-25
4758,2019-03-26
4759,2019-03-27
4760,2019-03-28
4761,2019-03-29
4762,2019-04-01
4763,2019-04-02
4764,2019-04-03
4765,2019-04-04
4766,2019-04-05
4767,2019-04-08
4768,2019-04-09
4769,2019-04-10
4770,2019-04-11
4771,2019-04-12
4772,2019-04-15
4773,2019-04-16
4774,2019-04-17
4775,2019-04-18
4776,2019-04-22
4777,2019-04-23
4778,2019-04-24
4779,2019-04-25
4780,2019-04-26
4781,2019-04-29
4782,2019-04-30
4783,2019-05-02
4784,2019-05-03
4785,2019-05-06
4786,2019-05-07
4787,2019-05-08
4788,2019-05-09
4789,2019-05-10
4790,2019-05-13
4791,2019-05-14
4792,2019-05-15
4793,2019-05-16
4794,2019-05-17
4795,2019-05-20
4796,2019-05-21
4797,2019-05-22
4798,2019-05-23
4799,2019-05-24
4800,2019-05-27
4801,2019-05-28
4802,2019-05-29
4803,2019-05-30
4804,2019-05-31
4805,2019-06-03
4806,2019-06-04
4807,2019-06-05
4808,2019-06-06
4809,2019-06-07
4810,2019-06-10
4811,2019-06-11
4812,2019-06-12
4813,2019-06-13
4814,2019-06-14
4815,2019-06-17
4816,2019-06-18
4817,2019-06-19
4818,2019-06-21
4819,2019-06-24
4820,2019-06-25
4821,2019-06-26
4822,2019-06-27
4823,2019-06-28
4824,2019-07-01
4825,2019-07-02
4826,2019-07-03
4827,2019-07-04
4828,2019-07-05
4829,2019-07-08
4830,2019-07-10
4831,2019-07-11
4832,2019-07-12
4833,2019-07-15
4834,2019-07-16
4835,2019-07-17
4836,2019-07-18
4837,2019-07-19
4838,2019-07-22
4839,2019-07-23
4840,2019-07-24
4841,2019-07-25
4842,2019-07-26
4843,2019-07-29
4844,2019-07-30
4845,2019-07-31
4846,2019-08-01
4847,2019-08-02
4848,2019-08-05
4849,2019-08-06
4850,2019-08-07
4851,2019-08-08
4852,2019-08-09
4853,2019-08-12
4854,2019-08-13
4855,2019-08-14
4856,2019-08-15
4857,2019-08-16
4858,2019-08-19
4859,2019-08-20
4860,2019-08-21
4861,2019-08-22
4862,2019-08-23
4863,2019-08-26
4864,2019-08-27
4865,2019-08-28
4866,2019-08-29
4867,2019-08-30
4868,2019-09-02
4869,2019-09-03
4870,2019-09-04
4871,2019-09-05
4872,2019-09-06
4873,2019-09-09
4874,2019-09-10
4875,2019-09-11
4876,2019-09-12
4877,2019-09-13
4878,2019-09-16
4879,2019-09-17
4880,2019-09-18
4881,2019-09-19
4882,2019-09-20
4883,2019-09-23
4884,2019-09-24
4885,2019-09-25
4886,2019-09-26
4887,2019-09-27
4888,2019-09-30
4889,2019-10-01
4890,2019-10-02
4891,2019-10-03
4892,2019-10-04
4893,2019-10-07
4894,2019-10-08
4895,2019-10-09
4896,2019-10-10
4897,2019-10-11
4898,2019-10-14
4899,2019-10-15
4900,2019-10-16
4901,2019-10-17
4902,2019-10-18
4903,2019-10-21
4904,2019-10-22
4905,2019-10-23
4906,2019-10-24
4907,2019-10-25
4908,2019-10-28
4909,2019-10-29
4910,2019-10-30
4911,2019-10-31
4912,2019-11-01
4913,2019-11-04
4914,2019-11-05
4915,2019-11-06
4916,2019-11-07
4917,2019-11-08
4918,2019-11-11
4919,2019-11-12
4920,2019-11-13
4921,2019-11-14
4922,2019-11-18
4923,2019-11-19
4924,2019-11-21
4925,2019-11-22
4926,2019-11-25
4927,2019-11-26
4928,2019-11-27
4929,2019-11-28
4930,2019-11-29
4931,2019-12-02
4932,2019-12-03
4933,2019-12-04
4934,2019-12-05
4935,2019-12-06
4936,2019-12-09
4937,2019-12-10
4938,2019-12-11
4939,2019-12-12
4940,2019-12-13
4941,2019-12-16
4942,2019-12-17
4943,2019-12-18
4944,2019-12-19
4945,2019-12-20
4946,2019-12-23
4947,2019-12-26
4948,2019-12-27
4949,2019-12-30
4950,2020-01-02
4951,2020-01-03
4952,2020-01-06
4953,2020-01-07
4954,2020-01-08
4955,2020-01-09
4956,2020-01-10
4957,2020-01-13
4958,2020-01-14
4959,2020-01-15
4960,2020-01-16
4961,2020-01-17
4962,2020-01-20
4963,2020-01-21
4964,2020-01-22
4965,2020-01-23
4966,2020-01-24
4967,2020-01-27
4968,2020-01-28
4969,2020-01-29
4970,2020-01-30
4971,2020-01-31
4972,2020-02-03
4973,2020-02-04
4974,2020-02-05
4975,2020-02-06
4976,2020-02-07
4977,2020-02-10
4978,2020-02-11
4979,2020-02-12
4980,2020-02-13
4981,2020-02-14
4982,2020-02-17
4983,2020-02-18
4984,2020-02-19
4985,2020-02-20
4986,2020-02-21
4987,2020-02-26
4988,2020-02-27
4989,2020-02-28
4990,2020-03-02
4991,2020-03-03
4992,2020-03-04
4993,2020-03-05
4994,2020-03-06
4995,2020-03-09
4996,2020-03-10
4997,2020-03-11
4998,2020-03-12
4999,2020-03-13
5000,2020-03-16
5001,2020-03-17
5002,2020-03-18
5003,2020-03-19
5004,2020-03-20
5005,2020-03-23
5006,2020-03-24
5007,2020-03-25
5008,2020-03-26
5009,2020-03-27
5010,2020-03-30
5011,2020-03-31
5012,2020-04-01
5013,2020-04-02
5014,2020-04-03
5015,2020-04-06
5016,2020-04-07
5017,2020-04-08
5018,2020-04-09
5019,2020-04-13
5020,2020-04-14
5021,2020-04-15
5022,2020-04-16
5023,2020-04-17
5024,2020-04-20
5025,2020-04-22
5026,2020-04-23
5027,2020-04-24
5028,2020-04-27
5029,2020-04-28
5030,2020-04-29
5031,2020-04-30
5032,2020-05-04
5033,2020-05-05
5034,2020-05-06
5035,2020-05-07
5036,2020-05-08
5037,2020-05-11
5038,2020-05-12
5039,2020-05-13
5040,2020-05-14
5041,2020-05-15
5042,2020-05-18
5043,2020-05-19
5044,2020-05-20
5045,2020-05-21
5046,2020-05-22
5047,2020-05-25
5048,2020-05-26
5049,2020-05-27
5050,2020-05-28
5051,2020-05-29
5052,2020-06-01
5053,2020-06-02
5054,2020-06-03
5055,2020-06-04
5056,2020-06-05
5057,2020-06-08
5058,2020-06-09
5059,2020-06-10
5060,2020-06-12
5061,2020-06-15
5062,2020-06-16
5063,2020-06-17
5064,2020-06-18
5065,2020-06-19
5066,2020-06-22
5067,2020-06-23
5068,2020-06-24
5069,2020-06-25
5070,2020-06-26
5071,2020-06-29
5072,2020-06-30
5073,2020-07-01
5074,2020-07-02
5075,2020-07-03
5076,2020-07-06
5077,2020-07-07
5078,2020-07-08
5079,2020-07-09
5080,2020-07-10
5081,2020-07-13
5082,2020-07-14
5083,2020-07-15
5084,2020-07-16
5085,2020-07-17
5086,2020-07-20
5087,2020-07-21
5088,2020-07-22
5089,2020-07-23
5090,2020-07-24
5091,2020-07-27
5092,2020-07-28
5093,2020-07-29
5094,2020-07-30
5095,2020-07-31
5096,2020-08-03
5097,2020-08-04
5098,2020-08-05
5099,2020-08-06
5100,2020-08-07
5101,2020-08-10
5102,2020-08-11
5103,2020-08-12
5104,2020-08-13
5105,2020-08-14
5106,2020-08-17
5107,2020-08-18
5108,2020-08-19
5109,2020-08-20
5110,2020-08-21
5111,2020-08-24
5112,2020-08-25
5113,2020-08-26
5114,2020-08-27
5115,2020-08-28
5116,2020-08-31
5117,2020-09-01
5118,2020-09-02
5119,2020-09-03
5120,2020-09-04
5121,2020-09-08
5122,2020-09-09
5123,2020-09-10
5124,2020-09-11
5125,2020-09-14
5126,2020-09-15
5127,2020-09-16
5128,2020-09-17
5129,2020-09-18
5130,2020-09-21
5131,2020-09-22
5132,2020-09-23
5133,2020-09-24
5134,2020-09-25
5135,2020-09-28
5136,2020-09-29
5137,2020-09-30
5138,2020-10-01
5139,2020-10-02
5140,2020-10-05
5141,2020-10-06
5142,2020-10-07
5143,2020-10-08
5144,2020-10-09
5145,2020-10-13
5146,2020-10-14
5147,2020-10-15
5148,2020-10-16
5149,2020-10-19
5150,2020-10-20
5151,2020-10-21
5152,2020-10-22
5153,2020-10-23
5154,2020-10-26
5155,2020-10-27
5156,2020-10-28
5157,2020-10-29
5158,2020-10-30
5159,2020-11-03
5160,2020-11-04
5161,2020-11-05
5162,2020-11-06
5163,2020-11-09
5164,2020-11-10
5165,2020-11-11
5166,2020-11-12
5167,2020-11-13
5168,2020-11-16
5169,2020-11-17
5170,2020-11-18
5171,2020-11-19
5172,2020-11-20
5173,2020-11-23
5174,2020-11-24
5175,2020-11-25
5176,2020-11-26
5177,2020-11-27
5178,2020-11-30
5179,2020-12-01
5180,2020-12-02
5181,2020-12-03
5182,2020-12-04
5183,2020-12-07
5184,2020-12-08
5185,2020-12-09
5186,2020-12-10
5187,2020-12-11
5188,2020-12-14
5189,2020-12-15
5190,2020-12-16
5191,2020-12-17
5192,2020-12-18
5193,2020-12-21
5194,2020-12-22
5195,2020-12-23
5196,2020-12-28
5197,2020-12-29
5198,2020-12-30
5199,2021-01-04
5200,2021-01-05
5201,2021-01-06
5202,2021-01-07
5203,2021-01-08
5204,2021-01-11
5205,2021-01-12
5206,2021-01-13
5207,2021-01-14
5208,2021-01-15
5209,2021-01-18
5210,2021-01-19
5211,2021-01-20
5212,2021-01-21
5213,2021-01-22
5214,2021-01-26
5215,2021-01-27
5216,2021-01-28
5217,2021-01-29
5218,2021-02-01
5219,2021-02-02
5220,2021-02-03
5221,2021-02-04
5222,2021-02-05
5223,2021-02-08
5224,2021-02-09
5225,2021-02-10
5226,2021-02-11
5227,2021-02-12
5228,2021-02-17
5229,2021-02-18
5230,2021-02-19
5231,2021-02-22
5232,2021-02-23
5233,2021-02-24
5234,2021-02-25
5235,2021-02-26
5236,2021-03-01
5237,2021-03-02
5238,2021-03-03
5239,2021-03-04
5240,2021-03-05
5241,2021-03-08
5242,2021-03-09
5243,2021-03-10
5244,2021-03-11
5245,2021-03-12
5246,2021-03-15
5247,2021-03-16
5248,2021-03-17
5249,2021-03-18
5250,2021-03-19
5251,2021-03-22
5252,2021-03-23
5253,2021-03-24
5254,2021-03-25
5255,2021-03-26
5256,2021-03-29
5257,2021-03-30
5258,2021-03-31
5259,2021-04-01
5260,2021-04-05
5261,2021-04-06
5262,2021-04-07
5263,2021-04-08
5264,2021-04-09
5265,2021-04-12
5266,2021-04-13
5267,2021-04-14
5268,2021-04-15
5269,2021-04-16
5270,2021-04-19
5271,2021-04-20
5272,2021-04-22
5273,2021-04-23
5274,2021-04-26
5275,2021-04-27
5276,2021-04-28
5277,2021-04-29
5278,2021-04-30
5279,2021-05-03
5280,2021-05-04
5281,2021-05-05
5282,2021-05-06
5283,2021-05-07
5284,2021-05-10
5285,2021-05-11
5286,2021-05-12
5287,2021-05-13
5288,2021-05-14
5289,2021-05-17
5290,2021-05-18
5291,2021-05-19
5292,2021-05-20
5293,2021-05-21
5294,2021-05-24
5295,2021-05-25
5296,2021-05-26
5297,2021-05-27
5298,2021-05-28
5299,2021-05-31
5300,2021-06-01
5301,2021-06-02
5302,2021-06-04
5303,2021-06-07
5304,2021-06-08
5305,2021-06-09
5306,2021-06-10
5307,2021-06-11
5308,2021-06-14
5309,2021-06-15
5310,2021-06-16
5311,2021-06-17
5312,2021-06-18
5313,2021-06-21
5314,2021-06-22
5315,2021-06-23
5316,2021-06-24
5317,2021-06-25
5318,2021-06-28
5319,2021-06-29
5320,2021-06-30
5321,2021-07-01
5322,2021-07-02
5323,2021-07-05
5324,2021-07-06
5325,2021-07-07
5326,2021-07-08
5327,2021-07-12
5328,2021-07-13
5329,2021-07-14
5330,2021-07-15
5331,2021-07-16
5332,2021-07-19
5333,2021-07-20
5334,2021-07-21
5335,2021-07-22
5336,2021-07-23
5337,2021-07-26
5338,2021-07-27
5339,2021-07-28
5340,2021-07-29
5341,2021-07-30
5342,2021-08-02
5343,2021-08-03
5344,2021-08-04
5345,2021-08-05
5346,2021-08-06
5347,2021-08-09
5348,2021-08-10
5349,2021-08-11
5350,2021-08-12
5351,2021-08-13
5352,2021-08-16
5353,2021-08-17
5354,2021-08-18
5355,2021-08-19
5356,2021-08-20
5357,2021-08-23
5358,2021-08-24
5359,2021-08-25
5360,2021-08-26
5361,2021-08-27
5362,2021-08-30
5363,2021-08-31
5364,2021-09-01
5365,2021-09-02
5366,2021-09-03
5367,2021-09-06
5368,2021-09-08
5369,2021-09-09
5370,2021-09-10
5371,2021-09-13
5372,2021-09-14
5373,2021-09-15
5374,2021-09-16
5375,2021-09-17
5376,2021-09-20
5377,2021-09-21
5378,2021-09-22
5379,2021-09-23
5380,2021-09-24
5381,2021-09-27
5382,2021-09-28
5383,2021-09-29
5384,2021-09-30
5385,2021-10-01
5386,2021-10-04
5387,2021-10-05
5388,2021-10-06
5389,2021-10-07
5390,2021-10-08
5391,2021-10-11
5392,2021-10-13
5393,2021-10-14
5394,2021-10-15
5395,2021-10-18
5396,2021-10-19
5397,2021-10-20
5398,2021-10-21
5399,2021-10-22
5400,2021-10-25
5401,2021-10-26
5402,2021-10-27
5403,2021-10-28
5404,2021-10-29
5405,2021-11-01
5406,2021-11-03
5407,2021-11-04
5408,2021-11-05
5409,2021-11-08
5410,2021-11-09
5411,2021-11-10
5412,2021-11-11
5413,2021-11-12
5414,2021-11-16
5415,2021-11-17
5416,2021-11-18
5417,2021-11-19
5418,2021-11-22
5419,2021-11-23
5420,2021-11-24
5421,2021-11-25
5422,2021-11-26
5423,2021-11-29
5424,2021-11-30
5425,2021-12-01
5426,2021-12-02
5427,2021-12-03
5428,2021-12-06
5429,2021-12-07
5430,2021-12-08
5431,2021-12-09
5432,2021-12-10
5433,2021-12-13
5434,2021-12-14
5435,2021-12-15
5436,2021-12-16
5437,2021-12-17
5438,2021-12-20
5439,2021-12-21
5440,2021-12-22
5441,2021-12-23
5442,2021-12-27
5443,2021-12-28
5444,2021-12-29
5445,2021-12-30
5446,2022-01-03
5447,2022-01-04
5448,2022-01-05
5449,2022-01-06
5450,2022-01-07
5451,2022-01-10
5452,2022-01-11
5453,2022-01-12
5454,2022-01-13
5455,2022-01-14
5456,2022-01-17
5457,2022-01-18
5458,2022-01-19
5459,2022-01-20
5460,2022-01-21
5461,2022-01-24
5462,2022-01-25
5463,2022-01-26
5464,2022-01-27
5465,2022-01-28
5466,2022-01-31
5467,2022-02-01
5468,2022-02-02
5469,2022-02-03
5470,2022-02-04
5471,2022-02-07
5472,2022-02-08
5473,2022-02-09
5474,2022-02-10
5475,2022-02-11
5476,2022-02-14
5477,2022-02-15
5478,2022-02-16
5479,2022-02-17
5480,2022-02-18
5481,2022-02-21
5482,2022-02-22
5483,2022-02-23
5484,2022-02-24
5485,2022-02-25
5486,2022-03-02
5487,2022-03-03
5488,2022-03-04
5489,2022-03-07
5490,2022-03-08
5491,2022-03-09
5492,2022-03-10
5493,2022-03-11
5494,2022-03-14
5495,2022-03-15
5496,2022-03-16
5497,2022-03-17
5498,2022-03-18
5499,2022-03-21
5500,2022-03-22
5501,2022-03-23
5502,2022-03-24
5503,2022-03-25
5504,2022-03-28
5505,2022-03-29
5506,2022-03-30
5507,2022-03-31
5508,2022-04-01
5509,2022-04-04
5510,2022-04-05
5511,2022-04-06
5512,2022-04-07
5513,2022-04-08
5514,2022-04-11
5515,2022-04-12
5516,2022-04-13
5517,2022-04-14
5518,2022-04-18
5519,2022-04-19
5520,2022-04-20
5521,2022-04-22
5522,2022-04-25
5523,2022-04-26
5524,2022-04-27
5525,2022-04-28
5526,2022-04-29
5527,2022-05-02
5528,2022-05-03
5529,2022-05-04
5530,2022-05-05
5531,2022-05-06
5532,2022-05-09
5533,2022-05-10
5534,2022-05-11
5535,2022-05-12
5536,2022-05-13
5537,2022-05-16
5538,2022-05-17
5539,2022-05-18
5540,2022-05-19
5541,2022-05-20
5542,2022-05-23
5543,2022-05-24
5544,2022-05-25
5545,2022-05-26
5546,2022-05-27
5547,2022-05-30
5548,2022-05-31
5549,2022-06-01
5550,2022-06-02
5551,2022-06-03
5552,2022-06-06
5553,2022-06-07
5554,2022-06-08
5555,2022-06-09
5556,2022-06-10
5557,2022-06-13
5558,2022-06-14
5559,2022-06-15
5560,2022-06-17
5561,2022-06-20
5562,2022-06-21
5563,2022-06-22
5564,2022-06-23
5565,2022-06-24
5566,2022-06-27
5567,2022-06-28
5568,2022-06-29
5569,2022-06-30
5570,2022-07-01
5571,2022-07-04
5572,2022-07-05
5573,2022-07-06
5574,2022-07-07
5575,2022-07-08
5576,2022-07-11
5577,2022-07-12
5578,2022-07-13
5579,2022-07-14
5580,2022-07-15
5581,2022-07-18
5582,2022-07-19
5583,2022-07-20
5584,2022-07-21
5585,2022-07-22
5586,2022-07-25
5587,2022-07-26
5588,2022-07-27
5589,2022-07-28
5590,2022-07-29
5591,2022-08-01
5592,2022-08-02
5593,2022-08-03
5594,2022-08-04
5595,2022-08-05
5596,2022-08-08
5597,2022-08-09
5598,2022-08-10
5599,2022-08-11
5600,2022-08-12
5601,2022-08-15
5602,2022-08-16
5603,2022-08-17
5604,2022-08-18
5605,2022-08-19
5606,2022-08-22
5607,2022-08-23
5608,2022-08-24
5609,2022-08-25
5610,2022-08-26
5611,2022-08-29
5612,2022-08-30
5613,2022-08-31
5614,2022-09-01
5615,2022-09-02
5616,2022-09-05
5617,2022-09-06
5618,2022-09-08
5619,2022-09-09
5620,2022-09-12
5621,2022-09-13
5622,2022-09-14
5623,2022-09-15
5624,2022-09-16
5625,2022-09-19
5626,2022-09-20
5627,2022-09-21
5628,2022-09-22
5629,2022-09-23
5630,2022-09-26
5631,2022-09-27
5632,2022-09-28
5633,2022-09-29
5634,2022-09-30
5635,2022-10-03
5636,2022-10-04
5637,2022-10-05
5638,2022-10-06
5639,2022-10-07
5640,2022-10-10
5641,2022-10-11
5642,2022-10-13
5643,2022-10-14
5644,2022-10-17
5645,2022-10-18
5646,2022-10-19
5647,2022-10-20
5648,2022-10-21
5649,2022-10-24
5650,2022-10-25
5651,2022-10-26
5652,2022-10-27
5653,2022-10-28
5654,2022-10-31
5655,2022-11-01
5656,2022-11-03
5657,2022-11-04
5658,2022-11-07
5659,2022-11-08
5660,2022-11-09
5661,2022-11-10
5662,2022-11-11
5663,2022-11-14
5664,2022-11-16
5665,2022-11-17
5666,2022-11-18
5667,2022-11-21
5668,2022-11-22
5669,2022-11-23
5670,2022-11-24
5671,2022-11-25
5672,2022-11-28
5673,2022-11-29
5674,2022-11-30
5675,2022-12-01
5676,2022-12-02
5677,2022-12-05
5678,2022-12-06
5679,2022-12-07
5680,2022-12-08
5681,2022-12-09
5682,2022-12-12
5683,2022-12-13
5684,2022-12-14
5685,2022-12-15
5686,2022-12-16
5687,2022-12-19
5688,2022-12-20
5689,2022-12-21
5690,2022-12-22
5691,2022-12-23
5692,2022-12-26
5693,2022-12-27
5694,2022-12-28
5695,2022-12-29
5696,2023-01-02
5697,2023-01-03
5698,2023-01-04
5699,2023-01-05
5700,2023-01-06
5701,2023-01-09
5702,2023-01-10
5703,2023-01-11
5704,2023-01-12
5705,2023-01-13
5706,2023-01-16
5707,2023-01-17
5708,2023-01-18
5709,2023-01-19
5710,2023-01-20
5711,2023-01-23
5712,2023-01-24
5713,2023-01-25
5714,2023-01-26
5715,2023-01-27
5716,2023-01-30
5717,2023-01-31
5718,2023-02-01
5719,2023-02-02
5720,2023-02-03
5721,2023-02-06
5722,2023-02-07
5723,2023-02-08
5724,2023-02-09
5725,2023-02-10
5726,2023-02-13
5727,2023-02-14
5728,2023-02-15
5729,2023-02-16
5730,2023-02-17
5731,2023-02-22
5732,2023-02-23
5733,2023-02-24
5734,2023-02-27
5735,2023-02-28
5736,2023-03-01
5737,2023-03-02
5738,2023-03-03
5739,2023-03-06
5740,2023-03-07
5741,2023-03-08
5742,2023-03-09
5743,2023-03-10
5744,2023-03-13
5745,2023-03-14
5746,2023-03-15
5747,2023-03-16
5748,2023-03-17
5749,2023-03-20
5750,2023-03-21
5751,2023-03-22
5752,2023-03-23
5753,2023-03-24
5754,2023-03-27
5755,2023-03-28
5756,2023-03-29
5757,2023-03-30
5758,2023-03-31
5759,2023-04-03
5760,2023-04-04
5761,2023-04-05
5762,2023-04-06
5763,2023-04-10
5764,2023-04-11
5765,2023-04-12
5766,2023-04-13
5767,2023-04-14
5768,2023-04-17
5769,2023-04-18
5770,2023-04-19
5771,2023-04-20
5772,2023-04-24
5773,2023-04-25
5774,2023-04-26
5775,2023-04-27
5776,2023-04-28
5777,2023-05-02
5778,2023-05-03
5779,2023-05-04
5780,2023-05-05
5781,2023-05-08
5782,2023-05-09
5783,2023-05-10
5784,2023-05-11
5785,2023-05-12
5786,2023-05-15
5787,2023-05-16
5788,2023-05-17
5789,2023-05-18
5790,2023-05-19
5791,2023-05-22
5792,2023-05-23
5793,2023-05-24
5794,2023-05-25
5795,2023-05-26
5796,2023-05-29
5797,2023-05-30
5798,2023-05-31
5799,2023-06-01
5800,2023-06-02
5801,2023-06-05
5802,2023-06-06
5803,2023-06-07
5804,2023-06-09
5805,2023-06-12
5806,2023-06-13
5807,2023-06-14
5808,2023-06-15
5809,2023-06-16
5810,2023-06-19
5811,2023-06-20
5812,2023-06-21
5813,2023-06-22
5814,2023-06-23
5815,2023-06-26
5816,2023-06-27
5817,2023-06-28
5818,2023-06-29
5819,2023-06-30
5820,2023-07-03
5821,2023-07-04
5822,2023-07-05
5823,2023-07-06
5824,2023-07-07
5825,2023-07-10
5826,2023-07-11
5827,2023-07-12
5828,2023-07-13
5829,2023-07-14
5830,2023-07-17
5831,2023-07-18
5832,2023-07-19
5833,2023-07-20
5834,2023-07-21
5835,2023-07-24
5836,2023-07-25
5837,2023-07-26
5838,2023-07-27
5839,2023-07-28
5840,2023-07-31
5841,2023-08-01
5842,2023-08-02
5843,2023-08-03
5844,2023-08-04
5845,2023-08-07
5846,2023-08-08
5847,2023-08-09
5848,2023-08-10
5849,2023-08-11
5850,2023-08-14
5851,2023-08-15
5852,2023-08-16
5853,2023-08-17
5854,2023-08-18
5855,2023-08-21
5856,2023-08-22
5857,2023-08-23
5858,2023-08-24
5859,2023-08-25
5860,2023-08-28
5861,2023-08-29
5862,2023-08-30
5863,2023-08-31
5864,2023-09-01
5865,2023-09-04
5866,2023-09-05
5867,2023-09-06
5868,2023-09-08
5869,2023-09-11
5870,2023-09-12
5871,2023-09-13
5872,2023-09-14
5873,2023-09-15
5874,2023-09-18
5875,2023-09-19
5876,2023-09-20
5877,2023-09-21
5878,2023-09-22
5879,2023-09-25
5880,2023-09-26
5881,2023-09-27
5882,2023-09-28
5883,2023-09-29
5884,2023-10-02
5885,2023-10-03
5886,2023-10-04
5887,2023-10-05
5888,2023-10-06
5889,2023-10-09
5890,2023-10-10
5891,2023-10-11
5892,2023-10-13
5893,2023-10-16
5894,2023-10-17
5895,2023-10-18
5896,2023-10-19
5897,2023-10-20
5898,2023-10-23
5899,2023-10-24
5900,2023-10-25
5901,2023-10-26
5902,2023-10-27
5903,2023-10-30
5904,2023-10-31
5905,2023-11-01
5906,2023-11-03
5907,2023-11-06
5908,2023-11-07
5909,2023-11-08
5910,2023-11-09
5911,2023-11-10
5912,2023-11-13
5913,2023-11-14
5914,2023-11-16
5915,2023-11-17
5916,2023-11-20
5917,2023-11-21
5918,2023-11-22
5919,2023-11-23
5920,2023-11-24
5921,2023-11-27
5922,2023-11-28
5923,2023-11-29
5924,2023-11-30
5925,2023-12-01
5926,2023-12-04
5927,2023-12-05
5928,2023-12-06
5929,2023-12-07
5930,2023-12-08
5931,2023-12-11
5932,2023-12-12
5933,2023-12-13
5934,2023-12-14
5935,2023-12-15
5936,2023-12-18
5937,2023-12-19
5938,2023-12-20
5939,2023-12-21
5940,2023-12-22
5941,2023-12-26
5942,2023-12-27
5943,2023-12-28
5944,2024-01-02
5945,2024-01-03
5946,2024-01-04
5947,2024-01-05
5948,2024-01-08
5949,2024-01-09
5950,2024-01-10
5951,2024-01-11
5952,2024-01-12
5953,2024-01-15
5954,2024-01-16
5955,2024-01-17
5956,2024-01-18
5957,2024-01-19
5958,2024-01-22
5959,2024-01-23
5960,2024-01-24
5961,2024-01-25
5962,2024-01-26
5963,2024-01-29
5964,2024-01-30
5965,2024-01-31
5966,2024-02-01
5967,2024-02-02
5968,2024-02-05
5969,2024-02-06
5970,2024-02-07
5971,2024-02-08
5972,2024-02-09
5973,2024-02-14
5974,2024-02-15
5975,2024-02-16
5976,2024-02-19
5977,2024-02-20
5978,2024-02-21
5979,2024-02-22
5980,2024-02-23
5981,2024-02-26
5982,2024-02-27
5983,2024-02-28
5984,2024-02-29
5985,2024-03-01
5986,2024-03-04
5987,2024-03-05
5988,2024-03-06
5989,2024-03-07
5990,2024-03-08
5991,2024-03-11
5992,2024-03-12
5993,2024-03-13
5994,2024-03-14
5995,2024-03-15
5996,2024-03-18
5997,2024-03-19
5998,2024-03-20
5999,2024-03-21
6000,2024-03-22
6001,2024-03-25
6002,2024-03-26
6003,2024-03-27
6004,2024-03-28
6005,2024-04-01
6006,2024-04-02
6007,2024-04-03
6008,2024-04-04
6009,2024-04-05
6010,2024-04-08
6011,2024-04-09
6012,2024-04-10
6013,2024-04-11
6014,2024-04-12
6015,2024-04-15
6016,2024-04-16
6017,2024-04-17
6018,2024-04-18
6019,2024-04-19
6020,2024-04-22
6021,2024-04-23
6022,2024-04-24
6023,2024-04-25
6024,2024-04-26
6025,2024-04-29
6026,2024-04-30
6027,2024-05-02
6028,2024-05-03
6029,2024-05-06
6030,2024-05-07
6031,2024-05-08
6032,2024-05-09
6033,2024-05-10
6034,2024-05-13
6035,2024-05-14
6036,2024-05-15
6037,2024-05-16
6038,2024-05-17
6039,2024-05-20
6040,2024-05-21
6041,2024-05-22
6042,2024-05-23
6043,2024-05-24
6044,2024-05-27
6045,2024-05-28
6046,2024-05-29
6047,2024-05-31
6048,2024-06-03
6049,2024-06-04
6050,2024-06-05
6051,2024-06-06
6052,2024-06-07
6053,2024-06-10
6054,2024-06-11
6055,2024-06-12
6056,2024-06-13
6057,2024-06-14
6058,2024-06-17
6059,2024-06-18
6060,2024-06-19
6061,2024-06-20
6062,2024-06-21
6063,2024-06-24
6064,2024-06-25
6065,2024-06-26
6066,2024-06-27
6067,2024-06-28
6068,2024-07-01
6069,2024-07-02
6070,2024-07-03
6071,2024-07-04
6072,2024-07-05
6073,2024-07-08
6074,2024-07-09
6075,2024-07-10
6076,2024-07-11
6077,2024-07-12
6078,2024-07-15
6079,2024-07-16
6080,2024-07-17
6081,2024-07-18
6082,2024-07-19
6083,2024-07-22
6084,2024-07-23
6085,2024-07-24
6086,2024-07-25
6087,2024-07-26
6088,2024-07-29
6089,2024-07-30
6090,2024-07-31
6091,2024-08-01
6092,2024-08-02
6093,2024-08-05
6094,2024-08-06
6095,2024-08-07
6096,2024-08-08
6097,2024-08-09
6098,2024-08-12
6099,2024-08-13
6100,2024-08-14
6101,2024-08-15
6102,2024-08-16
6103,2024-08-19
6104,2024-08-20
6105,2024-08-21
6106,2024-08-22
6107,2024-08-23
6108,2024-08-26
6109,2024-08-27
6110,2024-08-28
6111,2024-08-29
6112,2024-08-30
6113,2024-09-02
6114,2024-09-03
6115,2024-09-04
6116,2024-09-05
6117,2024-09-06
6118,2024-09-09
6119,2024-09-10
6120,2024-09-11
6121,2024-09-12
6122,2024-09-13
6123,2024-09-16
6124,2024-09-17
6125,2024-09-18
6126,2024-09-19
6127,2024-09-20
6128,2024-09-23
6129,2024-09-24
6130,2024-09-25
6131,2024-09-26
6132,2024-09-27
6133,2024-09-30
6134,2024-10-01
6135,2024-10-02
6136,2024-10-03
6137,2024-10-04
6138,2024-10-07
6139,2024-10-08
6140,2024-10-09
6141,2024-10-10
6142,2024-10-11
6143,2024-10-14
6144,2024-10-15
6145,2024-10-16
6146,2024-10-17
6147,2024-10-18
6148,2024-10-21
6149,2024-10-22
6150,2024-10-23
6151,2024-10-24
6152,2024-10-25
6153,2024-10-28
6154,2024-10-29
6155,2024-10-30
6156,2024-10-31
6157,2024-11-01
6158,2024-11-04
6159,2024-11-05
6160,2024-11-06
6161,2024-11-07
6162,2024-11-08
6163,2024-11-11
6164,2024-11-12
6165,2024-11-13
6166,2024-11-14
6167,2024-11-18
6168,2024-11-19
6169,2024-11-21
6170,2024-11-22
6171,2024-11-25
6172,2024-11-26
6173,2024-11-27
6174,2024-11-28
6175,2024-11-29
6176,2024-12-02
6177,2024-12-03
6178,2024-12-04
6179,2024-12-05
6180,2024-12-06
6181,2024-12-09
6182,2024-12-10
6183,2024-12-11
6184,2024-12-12
6185,2024-12-13
6186,2024-12-16
6187,2024-12-17
6188,2024-12-18
6189,2024-12-19
6190,2024-12-20
6191,2024-12-23
6192,2024-12-26
6193,2024-12-27
6194,2024-12-30
